Date range,Advertiser account ID,Advertiser account name,Manager accounts,Ad product,Campaign ID,Campaign name,Global Campaign ID,Budget currency,Impressions,Viewable impressions,Clicks,CTR,Viewable CTR (vCTR),Total cost,Purchases,Purchases (new to brand),Cost per purchase,Cost per purchase (new to brand),Sales,Long-term sales,ROAS,Long-term ROAS
"May 01, 2026 - May 31, 2026","=""amzn1.ads-account.g.a5og6bnunpn8m911rke7gdql""",Cubelelo,,Sponsored Products,"=""46982620548775""",SP - PT - Tangram - NB - Comp - Pelikas - Exact - DO,,INR,55158,0,909,1.6480%,,9453.63,78,,121.20038,,43363.90,,4.58701,
"May 01, 2026 - May 31, 2026","=""amzn1.ads-account.g.a5og6bnunpn8m911rke7gdql""",Cubelelo,,Sponsored Products,"=""303138629347007""",SP-KT - Comp - GAN - Generic - Mid & Low Volume - Exact & Phrase,,INR,81506,0,1660,2.0367%,,10092.24,77,,131.06805,,80559.05,,7.98228,
"May 01, 2026 - May 31, 2026","=""amzn1.ads-account.g.a5og6bnunpn8m911rke7gdql""",Cubelelo,,Sponsored Products,"=""369883644681767""","SP-KT - Magnetic - Open, 2x2, 4x4, 5x5 - High Volume - Exact & Phrase",,INR,148634,0,2260,1.5205%,,15867.11,179,,88.64307,,96076.33,,6.05506,
"May 01, 2026 - May 26, 2026","=""amzn1.ads-account.g.a5og6bnunpn8m911rke7gdql""",Cubelelo,,Sponsored Products,"=""433539719600289""","SP-CT - Tinker Box - Tool Kit,Stack & Balance Human Tower & Toy Train Set",,INR,4994,0,11,0.2203%,,28.22,2,,14.11000,,2855.24,,101.17789,
"May 01, 2026 - May 31, 2026","=""amzn1.ads-account.g.a5og6bnunpn8m911rke7gdql""",Cubelelo,,Sponsored Products,"=""343328245514155""",BA - SP PT - Cube Timer - Brand - ST,,INR,17265,0,572,3.3131%,,3963.55,55,,72.06455,,52117.08,,13.14909,
"May 12, 2026 - May 31, 2026","=""amzn1.ads-account.g.a5og6bnunpn8m911rke7gdql""",Cubelelo,,Sponsored Products,"=""136579885639997""",BA - SP - KT - Clang - NB - Generic - Magnetic Keywords - BMM - DO,,INR,1725,0,32,1.8551%,,151.62,4,,37.90500,,1709.53,,11.27510,
"May 01, 2026 - May 31, 2026","=""amzn1.ads-account.g.a5og6bnunpn8m911rke7gdql""",Cubelelo,,Sponsored Products,"=""251982080013737""",SP-KT - GAN - Comp - Mid & Low Volume - Exact & Phrase - UND,,INR,3902,0,145,3.7160%,,584.83,5,,116.96600,,6232.38,,10.65674,
"May 01, 2026 - May 31, 2026","=""amzn1.ads-account.g.a5og6bnunpn8m911rke7gdql""",Cubelelo,,Sponsored Brands,"=""305807850584699""",SBV-KT - ROS - Number Sliding Puzzle - Generic - Exact,,INR,91977,17882,1090,1.1851%,6.0955%,8845.11,97,90,91.18670,98.27900,29151.47,54433.05,3.29577,6.15403
"May 01, 2026 - May 31, 2026","=""amzn1.ads-account.g.a5og6bnunpn8m911rke7gdql""",Cubelelo,,Sponsored Products,"=""73064977804193""",SP-PT - Comp - Tangram - Exact,,INR,10500,0,155,1.4762%,,1451.51,15,,96.76733,,5610.49,,3.86528,
"May 01, 2026 - May 31, 2026","=""amzn1.ads-account.g.a5og6bnunpn8m911rke7gdql""",Cubelelo,,Sponsored Products,"=""401436515512721""",SP-KT - Magnetic - 'Rubix Cube 3x3 Magnetic' - SKAG - High Volume - Exact,,INR,262635,0,1658,0.6313%,,15225.05,192,,79.29714,,97042.97,,6.37390,
"May 01, 2026 - May 31, 2026","=""amzn1.ads-account.g.a5og6bnunpn8m911rke7gdql""",Cubelelo,,Sponsored Products,"=""490754366018145""",SP-KT - Gen Copy - 3M (V3) - Exact,,INR,23219,0,955,4.1130%,,7508.41,107,,70.17206,,38361.04,,5.10908,
"May 01, 2026 - May 31, 2026","=""amzn1.ads-account.g.a5og6bnunpn8m911rke7gdql""",Cubelelo,,Sponsored Products,"=""508041836775444""",SP-KT - Comp - Moyu - Generic - High Volume - Exact,,INR,12230,0,101,0.8258%,,505.33,8,,63.16625,,4190.46,,8.29252,
"May 01, 2026 - May 31, 2026","=""amzn1.ads-account.g.a5og6bnunpn8m911rke7gdql""",Cubelelo,,Sponsored Brands,"=""215668526840756""",BA - SBV - KT - Tangram - Generic - Mid Volume - Exact,,INR,19088,2059,178,0.9325%,8.6450%,7059.93,28,26,252.14036,271.53577,10347.64,14831.50,1.46569,2.10080
"May 01, 2026 - May 31, 2026","=""amzn1.ads-account.g.a5og6bnunpn8m911rke7gdql""",Cubelelo,,Sponsored Products,"=""498287583816355""","SP-KT - Generic - 5x5, 6x6, 7x7, Keychain - Mid & Low Volume - Exact & Phrase",,INR,205137,0,2680,1.3064%,,25395.11,339,,74.91183,,219833.09,,8.65651,
"May 01, 2026 - May 31, 2026","=""amzn1.ads-account.g.a5og6bnunpn8m911rke7gdql""",Cubelelo,,Sponsored Display,"=""316273786051120""",SD-CT - 3D Puzzle & Brain Teasers - Comp - Open - Broad - Old,,INR,1831,0,1,0.0546%,,2.46,0,0,,,0.00,0.00,0.00000,0.00000
"May 01, 2026 - May 31, 2026","=""amzn1.ads-account.g.a5og6bnunpn8m911rke7gdql""",Cubelelo,,Sponsored Brands,"=""299103076353766""","SBSL-KT - Megaminx, Pyramid, Timer & Gear - Open - Exact",,INR,28982,11951,1100,3.7955%,9.2043%,3098.56,84,50,36.88762,61.97120,37163.43,42615.30,11.99378,13.75326
"May 01, 2026 - May 31, 2026","=""amzn1.ads-account.g.a5og6bnunpn8m911rke7gdql""",Cubelelo,,Sponsored Brands,"=""334124855453438""","SBSL-KT - Generic - 2x2, 3x3, 4x4, 5x5, 6x6, 7x7 - Exact",,INR,11085,6058,386,3.4822%,6.3717%,1355.24,46,31,29.46174,43.71742,18046.68,22473.54,13.31622,16.58270
"May 01, 2026 - May 31, 2026","=""amzn1.ads-account.g.a5og6bnunpn8m911rke7gdql""",Cubelelo,,Sponsored Products,"=""345506724788622""","SP-KT - Mirror, Infinity & Combo - Open - High Volume - Exact",,INR,152021,0,2134,1.4038%,,10588.25,364,,29.08860,,115704.66,,10.92765,
"May 01, 2026 - May 31, 2026","=""amzn1.ads-account.g.a5og6bnunpn8m911rke7gdql""",Cubelelo,,Sponsored Products,"=""312905165546329""",SP-PT - Wooden Toy Beads Threading Lacing - Lower ASP - High Volume - Exact,,INR,12875,0,261,2.0272%,,2314.44,17,,136.14353,,11317.07,,4.88977,
"May 01, 2026 - May 31, 2026","=""amzn1.ads-account.g.a5og6bnunpn8m911rke7gdql""",Cubelelo,,Sponsored Products,"=""556800165272450""",SP-PT - Wooden - Comp - Puzzle Co - Calendar Puzzle - Exact,,INR,852,0,7,0.8216%,,41.54,0,,,,0.00,,0.00000,
"May 01, 2026 - May 31, 2026","=""amzn1.ads-account.g.a5og6bnunpn8m911rke7gdql""",Cubelelo,,Sponsored Products,"=""560766968003680""","SP-KT - Mirror, Infinity & Combo - Open - Mid & Low Volume - Exact & Phrase - UND",,INR,215659,0,2364,1.0962%,,16396.10,340,,48.22382,,121558.98,,7.41390,
"May 01, 2026 - May 31, 2026","=""amzn1.ads-account.g.a5og6bnunpn8m911rke7gdql""",Cubelelo,,Sponsored Products,"=""358488783032231""",SP-Auto - Infinity Cubes,,INR,964107,0,6615,0.6861%,,17805.03,215,,82.81409,,83357.45,,4.68168,
"May 01, 2026 - May 31, 2026","=""amzn1.ads-account.g.a5og6bnunpn8m911rke7gdql""",Cubelelo,,Sponsored Products,"=""334559235709808""",SP-KT - Generic - 3x3 - Mid & Low Volume - Exact & Phrase - UND,,INR,518247,0,4792,0.9247%,,42434.07,620,,68.44205,,277594.90,,6.54179,
"May 14, 2026 - May 25, 2026","=""amzn1.ads-account.g.a5og6bnunpn8m911rke7gdql""",Cubelelo,,Sponsored Products,"=""487445557152955""",SP - PT - 4x4 Number Sliding Puzzle - Competition,,INR,7,0,1,14.2857%,,14.03,0,,,,0.00,,0.00000,
"May 01, 2026 - May 31, 2026","=""amzn1.ads-account.g.a5og6bnunpn8m911rke7gdql""",Cubelelo,,Sponsored Products,"=""439881614291142""",SP - KT - 4x4 Number Sliding Puzzle - Mid & Low Volume - Phrase and BMM,,INR,7021,0,41,0.5840%,,481.20,4,,120.30000,,1653.33,,3.43585,
"May 01, 2026 - May 31, 2026","=""amzn1.ads-account.g.a5og6bnunpn8m911rke7gdql""",Cubelelo,,Sponsored Display,"=""403022595429362""",BA_SD_Category Targeting_VR_All Products_5/24,,INR,617208,0,1872,0.3033%,,13013.49,76,42,171.23013,309.84500,32435.16,38920.73,2.49243,2.99080
"May 01, 2026 - May 31, 2026","=""amzn1.ads-account.g.a5og6bnunpn8m911rke7gdql""",Cubelelo,,Sponsored Products,"=""353368777045800""",SP-KT - Generic - 3x3 - 'Rubik's Cube 3x3 Speed Cube' - SKAG - High Volume - Exact - UND,,INR,273024,0,2498,0.9149%,,20769.85,328,,63.32271,,137171.83,,6.60437,
"May 01, 2026 - May 31, 2026","=""amzn1.ads-account.g.a5og6bnunpn8m911rke7gdql""",Cubelelo,,Sponsored Products,"=""495997417400177""",SP-KT - Generic - Open - 'Rubix Cube' - SKAG - High Volume - Exact,,INR,111029,0,897,0.8079%,,9664.28,144,,67.11306,,60658.22,,6.27654,
"May 01, 2026 - May 31, 2026","=""amzn1.ads-account.g.a5og6bnunpn8m911rke7gdql""",Cubelelo,,Sponsored Products,"=""100730157368715""",SP - CT - Tangram - Above 299,,INR,12294,0,115,0.9354%,,597.45,7,,85.35000,,3385.73,,5.66697,
"May 05, 2026 - May 23, 2026","=""amzn1.ads-account.g.a5og6bnunpn8m911rke7gdql""",Cubelelo,,Sponsored Brands,"=""368850028288804""",SBV-KT - Number Sliding Puzzle - Generic - BMM,,INR,18,5,0,0.0000%,0.0000%,0.00,0,0,,,0.00,0.00,,
"May 01, 2026 - May 31, 2026","=""amzn1.ads-account.g.a5og6bnunpn8m911rke7gdql""",Cubelelo,,Sponsored Products,"=""88215368194317""",SP - PT - Tangram - Smartivity - Comp - Exact,,INR,338,0,5,1.4793%,,27.92,1,,27.92000,,380.00,,13.61032,
"May 01, 2026 - May 31, 2026","=""amzn1.ads-account.g.a5og6bnunpn8m911rke7gdql""",Cubelelo,,Sponsored Products,"=""454748662358104""",BA_SP_KT_Generic Cube 2x2_Generic_Phrase_09/23,,INR,96541,0,1734,1.7961%,,12307.40,415,,29.65639,,113034.63,,9.18428,
"May 01, 2026 - May 31, 2026","=""amzn1.ads-account.g.a5og6bnunpn8m911rke7gdql""",Cubelelo,,Sponsored Products,"=""396531688533510""",BA - SP PT - Magnetic Cube - Brand - ST,,INR,3770,0,9,0.2387%,,49.36,1,,49.36000,,426.67,,8.64404,
"May 01, 2026 - May 31, 2026","=""amzn1.ads-account.g.a5og6bnunpn8m911rke7gdql""",Cubelelo,,Sponsored Products,"=""414214833476538""",SP-KT - Wooden Beads Threading Lacing - Mid & low Volume - Exact,,INR,28627,0,197,0.6882%,,1245.94,14,,88.99571,,9319.94,,7.48025,
"May 01, 2026 - May 31, 2026","=""amzn1.ads-account.g.a5og6bnunpn8m911rke7gdql""",Cubelelo,,Sponsored Products,"=""512597066162542""",SP-KT - Magnetic - 3x3 - Mid & Low Volume - Exact & Phrase - DO,,INR,187315,0,2786,1.4873%,,16737.05,264,,63.39792,,134820.20,,8.05520,
"May 01, 2026 - May 31, 2026","=""amzn1.ads-account.g.a5og6bnunpn8m911rke7gdql""",Cubelelo,,Sponsored Products,"=""339988610395848""",SP-CT - Number Sliding Puzzle - Above 199,,INR,175828,0,1520,0.8645%,,11675.83,202,,57.80114,,63781.02,,5.46265,
"May 01, 2026 - May 31, 2026","=""amzn1.ads-account.g.a5og6bnunpn8m911rke7gdql""",Cubelelo,,Sponsored Brands,"=""285100935665485""",SBV-KT - Generic - Number Sliding Puzzle - More than 1L Searches - Exact,,INR,84161,13148,812,0.9648%,6.1758%,7592.99,130,126,58.40762,60.26183,33692.41,56681.68,4.43731,7.46500
"May 01, 2026 - May 31, 2026","=""amzn1.ads-account.g.a5og6bnunpn8m911rke7gdql""",Cubelelo,,Sponsored Products,"=""531300400003008""","SP-CT - Infinity Cuber - Dice Fidget Toys, Infinity Cubes & 3-D Puzzles",,INR,67421,0,688,1.0205%,,2220.00,44,,50.45455,,12617.14,,5.68340,
"May 01, 2026 - May 31, 2026","=""amzn1.ads-account.g.a5og6bnunpn8m911rke7gdql""",Cubelelo,,Sponsored Products,"=""536231617514469""",SP-PT - Comp - Tinker Box - Stack & Balance Human Tower - Exact,,INR,1499,0,26,1.7345%,,103.87,3,,34.62333,,1853.34,,17.84288,
"May 01, 2026 - May 31, 2026","=""amzn1.ads-account.g.a5og6bnunpn8m911rke7gdql""",Cubelelo,,Sponsored Products,"=""128958768411602""",SP - PT - Tangram - Smart Toys - Comp - Exact,,INR,10736,0,109,1.0153%,,767.66,3,,255.88667,,1015.24,,1.32251,
"May 01, 2026 - May 31, 2026","=""amzn1.ads-account.g.a5og6bnunpn8m911rke7gdql""",Cubelelo,,Sponsored Products,"=""548052105782309""",SP-KT - Comp - GAN - 3x3 - High Volume - Exact,,INR,23775,0,219,0.9211%,,930.64,7,,132.94857,,6137.14,,6.59454,
"May 01, 2026 - May 31, 2026","=""amzn1.ads-account.g.a5og6bnunpn8m911rke7gdql""",Cubelelo,,Sponsored Brands,"=""302256792673586""",BA_SBV_KT_3x3 Cube Generic _Generic_Phrase_7/24,,INR,240,11,1,0.4167%,9.0909%,1.81,0,0,,,0.00,0.00,0.00000,0.00000
"May 01, 2026 - May 31, 2026","=""amzn1.ads-account.g.a5og6bnunpn8m911rke7gdql""",Cubelelo,,Sponsored Products,"=""315451570129574""","SP-KT - Maglev, Mastermorphix, Puppet, Snake, Square1, Megaminx - Open - Mid & Low Volume - Exact & Phrase - UND",,INR,214674,0,2937,1.3681%,,18174.37,461,,39.42380,,236412.90,,13.00804,
"May 01, 2026 - May 31, 2026","=""amzn1.ads-account.g.a5og6bnunpn8m911rke7gdql""",Cubelelo,,Sponsored Brands,"=""505382113206749""",SB-KT | All Products | Brand | Store | CPC | Phrase & Exact,,INR,187521,82872,4687,2.4995%,5.6557%,19297.02,426,327,45.29817,59.01229,179675.38,217324.04,9.31104,11.26205
"May 01, 2026 - May 31, 2026","=""amzn1.ads-account.g.a5og6bnunpn8m911rke7gdql""",Cubelelo,,Sponsored Products,"=""546073666494466""",SP-PT - Number Sliding Puzzle - Comp - Smartivity - Exact,,INR,10164,0,149,1.4660%,,1216.62,18,,67.59000,,4863.81,,3.99781,
"May 01, 2026 - May 31, 2026","=""amzn1.ads-account.g.a5og6bnunpn8m911rke7gdql""",Cubelelo,,Sponsored Products,"=""535209545252680""",SP-KT - Comp - Moyu - Generic - Mid & Low Volume - Exact & Phrase,,INR,12737,0,133,1.0442%,,474.68,3,,158.22667,,2759.04,,5.81242,
"May 01, 2026 - May 31, 2026","=""amzn1.ads-account.g.a5og6bnunpn8m911rke7gdql""",Cubelelo,,Sponsored Products,"=""408832603271930""",BA_SP_KT_Brand Drift (3x3)_Phrase_09/23,,INR,9366,0,134,1.4307%,,668.82,21,,31.84857,,11734.31,,17.54480,
"May 01, 2026 - May 31, 2026","=""amzn1.ads-account.g.a5og6bnunpn8m911rke7gdql""",Cubelelo,,Sponsored Products,"=""302880384926419""",SP-KT - Comp - Qiyi - Generic - Mid & Low Volume - Exact & Phrase,,INR,249,0,1,0.4016%,,2.20,0,,,,0.00,,0.00000,
"May 01, 2026 - May 31, 2026","=""amzn1.ads-account.g.a5og6bnunpn8m911rke7gdql""",Cubelelo,,Sponsored Products,"=""327104446426115""","SP-KT - Axis - Windmill - Fisher, Cylinder, Kids, Mini, Smart, Pyramid - Open - Mid & Low Volume - Exact & Phrase",,INR,115074,0,1578,1.3713%,,12875.22,242,,53.20339,,98805.73,,7.67410,
"May 01, 2026 - May 31, 2026","=""amzn1.ads-account.g.a5og6bnunpn8m911rke7gdql""",Cubelelo,,Sponsored Brands,"=""294777906047039""",SBSL-KT - Generic - Open - High & Mid Volume - Exact,,INR,104051,47053,2500,2.4027%,5.3132%,19878.92,247,191,80.48146,104.07812,86400.12,106340.84,4.34632,5.34943
"May 01, 2026 - May 31, 2026","=""amzn1.ads-account.g.a5og6bnunpn8m911rke7gdql""",Cubelelo,,Sponsored Products,"=""332675778194131""",SP-KT - Generic - 4x4 - Mid & Low Volume - Exact & Phrase - DO,,INR,604883,0,5168,0.8544%,,48543.47,754,,64.38126,,304843.64,,6.27981,
"May 01, 2026 - May 31, 2026","=""amzn1.ads-account.g.a5og6bnunpn8m911rke7gdql""",Cubelelo,,Sponsored Products,"=""433317578586761""",SP-KT - Branded - Cubelelo - High Volume - Exact,,INR,146839,0,874,0.5952%,,6707.86,107,,62.69028,,39780.00,,5.93036,
"May 01, 2026 - May 31, 2026","=""amzn1.ads-account.g.a5og6bnunpn8m911rke7gdql""",Cubelelo,,Sponsored Products,"=""546907838633970""",SP-PT - Comp - D Eternal - High Volume - Exact,,INR,129190,0,2057,1.5922%,,31336.58,387,,80.97307,,163675.74,,5.22315,
"May 01, 2026 - May 31, 2026","=""amzn1.ads-account.g.a5og6bnunpn8m911rke7gdql""",Cubelelo,,Sponsored Products,"=""376769954561814""",SP-KT - Number Sliding Puzzle - Generic - Return Gift Queries - Exact,,INR,30928,0,224,0.7243%,,1499.43,13,,115.34077,,3584.76,,2.39075,
"May 01, 2026 - May 31, 2026","=""amzn1.ads-account.g.a5og6bnunpn8m911rke7gdql""",Cubelelo,,Sponsored Products,"=""19816387043346""",BA - SP - KT - Clang - Generic - High Volume - Exact  - DO,,INR,66242,0,396,0.5978%,,2838.52,11,,258.04727,,4912.40,,1.73062,
"May 01, 2026 - May 31, 2026","=""amzn1.ads-account.g.a5og6bnunpn8m911rke7gdql""",Cubelelo,,Sponsored Products,"=""279777542976112""",BA - SP - PT - Clang - Comp - Smartivity - Exact - DO,,INR,27615,0,419,1.5173%,,4795.42,23,,208.49652,,10330.52,,2.15425,
"May 01, 2026 - May 31, 2026","=""amzn1.ads-account.g.a5og6bnunpn8m911rke7gdql""",Cubelelo,,Sponsored Products,"=""159344480735091""",SP-KT - Megaminx - Generic - High Volume - Exact - UND,,INR,56703,0,801,1.4126%,,6373.47,108,,59.01361,,57448.12,,9.01363,
"May 27, 2026 - May 31, 2026","=""amzn1.ads-account.g.a5og6bnunpn8m911rke7gdql""",Cubelelo,,Sponsored Products,"=""115902188639558""",BA - SP - PT - Number Sliding Puzzle - NB - Comp - Wembley - Exact - DO,,INR,5114,0,102,1.9945%,,1365.89,13,,105.06846,,3710.47,,2.71652,
"May 01, 2026 - May 31, 2026","=""amzn1.ads-account.g.a5og6bnunpn8m911rke7gdql""",Cubelelo,,Sponsored Products,"=""398099328860046""",SP-PT - Cubes - Toys Best Seller - Above 200,,INR,89273,0,164,0.1837%,,1046.81,9,,116.31222,,2417.14,,2.30905,
"May 01, 2026 - May 31, 2026","=""amzn1.ads-account.g.a5og6bnunpn8m911rke7gdql""",Cubelelo,,Sponsored Products,"=""514205760335996""",SP-KT - Montessori Slide Four Colour Puzzle - Mid & Low Volume - Exact,,INR,2540,0,9,0.3543%,,123.04,0,,,,0.00,,0.00000,
"May 01, 2026 - May 31, 2026","=""amzn1.ads-account.g.a5og6bnunpn8m911rke7gdql""",Cubelelo,,Sponsored Products,"=""466977135029356""",SP-KT - Generic - 2x2 - Mid & Low Volume - Exact & Phrase,,INR,90353,0,1214,1.3436%,,12274.77,198,,61.99379,,72970.56,,5.94476,
"May 01, 2026 - May 26, 2026","=""amzn1.ads-account.g.a5og6bnunpn8m911rke7gdql""",Cubelelo,,Sponsored Products,"=""535672870117740""",SP-KT - Tinker Box - Stack & Balance Human Tower - Generic - Mid & Low Vol - Exact,,INR,990,0,9,0.9091%,,35.59,0,,,,0.00,,0.00000,
"May 01, 2026 - May 31, 2026","=""amzn1.ads-account.g.a5og6bnunpn8m911rke7gdql""",Cubelelo,,Sponsored Products,"=""186877229473885""",SP-KT - Megaminx - Generic - Mid & Low Volume - Exact & Phrase - UND,,INR,43863,0,279,0.6361%,,2659.79,19,,139.98895,,8652.38,,3.25303,
"May 01, 2026 - May 31, 2026","=""amzn1.ads-account.g.a5og6bnunpn8m911rke7gdql""",Cubelelo,,Sponsored Products,"=""72913969349326""",SP - KT - GAN - Generic - High Volume - Exact - UND,,INR,191486,0,2263,1.1818%,,11255.25,52,,216.44712,,75969.53,,6.74970,
"May 01, 2026 - May 31, 2026","=""amzn1.ads-account.g.a5og6bnunpn8m911rke7gdql""",Cubelelo,,Sponsored Products,"=""390890417285743""","SP-CT - Low ASP Cube - Brain Teasers, Framed Puzzles, Pegged Puzzles, Sudoku Puzzles, Floor Puzzles, Learning & Education",,INR,2606,0,12,0.4605%,,50.73,1,,50.73000,,188.57,,3.71713,
"May 01, 2026 - May 31, 2026","=""amzn1.ads-account.g.a5og6bnunpn8m911rke7gdql""",Cubelelo,,Sponsored Brands,"=""497445504821486""",BA_SBV_KT_3x3 Cube _Brand_Phrase,,INR,7512,1317,356,4.7391%,27.0311%,3087.79,39,28,79.17410,110.27821,14635.25,17490.20,4.73972,5.66431
"May 01, 2026 - May 24, 2026","=""amzn1.ads-account.g.a5og6bnunpn8m911rke7gdql""",Cubelelo,,Sponsored Products,"=""421844276231154""",SP-KT - Generic - Tinker Box - Stack & Balance Human Tower - Exact - High Vol,,INR,108,0,0,0.0000%,,0.00,0,,,,0.00,,,
"May 01, 2026 - May 31, 2026","=""amzn1.ads-account.g.a5og6bnunpn8m911rke7gdql""",Cubelelo,,Sponsored Products,"=""471096929513381""",BA - SP PT - Pyramix - Competition - Exact,,INR,5970,0,244,4.0871%,,1526.34,64,,23.84906,,20784.81,,13.61742,
"May 01, 2026 - May 31, 2026","=""amzn1.ads-account.g.a5og6bnunpn8m911rke7gdql""",Cubelelo,,Sponsored Brands,"=""549329631989436""",BA_SB - Generic_Magnetic Cube_Phrase_7/24,,INR,624686,38588,1147,0.1836%,2.9724%,11347.27,67,41,169.36224,276.76268,25000.01,32744.83,2.20317,2.88570
"May 01, 2026 - May 31, 2026","=""amzn1.ads-account.g.a5og6bnunpn8m911rke7gdql""",Cubelelo,,Sponsored Display,"=""314135688950492""",SD-PT - Comp - D-Eternal - Best Sellers - Exact,,INR,1707,0,8,0.4687%,,57.13,0,0,,,0.00,30.93,0.00000,0.54140
"May 12, 2026 - May 31, 2026","=""amzn1.ads-account.g.a5og6bnunpn8m911rke7gdql""",Cubelelo,,Sponsored Products,"=""267514182869007""",BA - SP - KT - Tangram - Generic - High Volume - Exact  - DO,,INR,209231,0,469,0.2242%,,5411.44,20,,270.57200,,7818.12,,1.44474,
"May 01, 2026 - May 31, 2026","=""amzn1.ads-account.g.a5og6bnunpn8m911rke7gdql""",Cubelelo,,Sponsored Products,"=""131047102419006""",BA - SP - PT - Clang - Comp - Magnetic Games - Exact - DO - Sale,,INR,141646,0,1895,1.3378%,,29344.66,247,,118.80429,,114714.75,,3.90922,
"May 01, 2026 - May 31, 2026","=""amzn1.ads-account.g.a5og6bnunpn8m911rke7gdql""",Cubelelo,,Sponsored Products,"=""220146118616523""",SP-KT - Generic - Tangram - Mid Volume - Exact,,INR,26153,0,350,1.3383%,,2943.77,31,,94.96032,,12041.01,,4.09034,
"May 01, 2026 - May 31, 2026","=""amzn1.ads-account.g.a5og6bnunpn8m911rke7gdql""",Cubelelo,,Sponsored Products,"=""491880598355368""",SP-KT - Comp - GAN - 3x3 - Mid & Low Volume - Exact & Phrase,,INR,4613,0,171,3.7069%,,523.35,14,,37.38214,,17675.18,,33.77315,
"May 01, 2026 - May 31, 2026","=""amzn1.ads-account.g.a5og6bnunpn8m911rke7gdql""",Cubelelo,,Sponsored Products,"=""461439945733289""",BA_SP_KT_5x5 Cube_Generic_Phrase_09/23,,INR,27346,0,625,2.2855%,,4105.61,115,,35.70096,,51271.58,,12.48818,
"May 01, 2026 - May 31, 2026","=""amzn1.ads-account.g.a5og6bnunpn8m911rke7gdql""",Cubelelo,,Sponsored Products,"=""389668677012522""",SP-PT - Comp - Tinker Box - Tool kit - Best Selling - Exact,,INR,15335,0,66,0.4304%,,292.73,5,,58.54600,,7138.10,,24.38459,
"May 01, 2026 - May 31, 2026","=""amzn1.ads-account.g.a5og6bnunpn8m911rke7gdql""",Cubelelo,,Sponsored Products,"=""440555788438461""",SP-KT - Generic - Drift 3M v3 3X3 - High Vol - Exact,,INR,11301,0,481,4.2563%,,2528.38,44,,57.46318,,20699.15,,8.18672,
"May 01, 2026 - May 31, 2026","=""amzn1.ads-account.g.a5og6bnunpn8m911rke7gdql""",Cubelelo,,Sponsored Brands,"=""342892756369405""",BA_SBV_KT_3x3 Cube Generic _Magnetic_Phrase_4/24,,INR,10734,1310,88,0.8198%,6.7176%,1111.05,13,13,85.46538,85.46538,4741.94,6206.59,4.26798,5.58624
"May 01, 2026 - May 31, 2026","=""amzn1.ads-account.g.a5og6bnunpn8m911rke7gdql""",Cubelelo,,Sponsored Products,"=""285784532724588""",SP-KT - Generic - Open - Cube - Mid & Low Volume - Exact & Phrase,,INR,235351,0,1762,0.7487%,,14036.00,196,,71.61224,,84356.34,,6.01000,
"May 01, 2026 - May 26, 2026","=""amzn1.ads-account.g.a5og6bnunpn8m911rke7gdql""",Cubelelo,,Sponsored Products,"=""383299609032339""","SP-KT - Generic - Tinker Box - Colour and Pattern Sliding Puzzle Game, 5 Column Sort and Stack Puzzle - Exact",,INR,603,0,9,1.4925%,,148.94,0,,,,0.00,,0.00000,
"May 01, 2026 - May 31, 2026","=""amzn1.ads-account.g.a5og6bnunpn8m911rke7gdql""",Cubelelo,,Sponsored Products,"=""85941143600435""",SP - PT - 3M V2 Plus 3x3 - Comp - Hawkister - Price Greater than 599 - Sale,,INR,96253,0,1314,1.3652%,,12284.63,71,,173.02296,,47949.36,,3.90320,
"May 01, 2026 - May 31, 2026","=""amzn1.ads-account.g.a5og6bnunpn8m911rke7gdql""",Cubelelo,,Sponsored Brands,"=""154539465665101""",BA - SBV - KT - Tangram - Generic - More than 1L Searches - Exact,,INR,91838,11026,700,0.7622%,6.3486%,14987.92,63,60,237.90349,249.79867,24889.59,42397.97,1.66064,2.82881
"May 01, 2026 - May 31, 2026","=""amzn1.ads-account.g.a5og6bnunpn8m911rke7gdql""",Cubelelo,,Sponsored Products,"=""495291247543690""",BA_SP_KT_Speed cube 3x3_Generic_Phrase_09/23,,INR,53359,0,684,1.2819%,,4840.40,96,,50.42083,,51681.04,,10.67702,
"May 01, 2026 - May 31, 2026","=""amzn1.ads-account.g.a5og6bnunpn8m911rke7gdql""",Cubelelo,,Sponsored Products,"=""422466067749037""",SP-Auto - Wooden Products - Generic,,INR,114736,0,395,0.3443%,,2899.08,52,,55.75154,,18852.35,,6.50287,
"May 01, 2026 - May 31, 2026","=""amzn1.ads-account.g.a5og6bnunpn8m911rke7gdql""",Cubelelo,,Sponsored Products,"=""95341474842930""",SP - KT - Tangram - Generic - Gifting Terms - Exact - DO,,INR,6990,0,118,1.6881%,,1135.68,8,,141.96000,,3008.58,,2.64914,
"May 01, 2026 - May 26, 2026","=""amzn1.ads-account.g.a5og6bnunpn8m911rke7gdql""",Cubelelo,,Sponsored Products,"=""509123046817028""",SP-KT - Generic - Tinker Box - Tool Box - Mid & Low Vol - Exact,,INR,4690,0,39,0.8316%,,176.55,3,,58.85000,,2853.34,,16.16165,
"May 01, 2026 - May 31, 2026","=""amzn1.ads-account.g.a5og6bnunpn8m911rke7gdql""",Cubelelo,,Sponsored Products,"=""329970929951347""",SP-KT - Branded - Cubelelo - Mid & Low Volume - Exact & Phrase - UND,,INR,332700,0,2311,0.6946%,,15788.19,373,,42.32759,,163004.07,,10.32443,
"May 26, 2026 - May 31, 2026","=""amzn1.ads-account.g.a5og6bnunpn8m911rke7gdql""",Cubelelo,,Sponsored Products,"=""178894007177834""",BA - SP - Auto - Tinker Box - 0-2 Years - DO,,INR,69512,0,306,0.4402%,,1741.62,21,,82.93429,,11608.55,,6.66538,
"May 01, 2026 - May 31, 2026","=""amzn1.ads-account.g.a5og6bnunpn8m911rke7gdql""",Cubelelo,,Sponsored Products,"=""489604592702272""",BA_SP_KT_Gan 3x3_Generic_Phrase_09/23,,INR,48,0,1,2.0833%,,2.57,0,,,,0.00,,0.00000,
"May 01, 2026 - May 31, 2026","=""amzn1.ads-account.g.a5og6bnunpn8m911rke7gdql""",Cubelelo,,Sponsored Brands,"=""415753023796479""","SBSL-KT - Mirror, Infinity & Combo - Open - Exact",,INR,14078,4414,256,1.8184%,5.7997%,746.73,21,16,35.55857,46.67063,6899.05,8271.78,9.23902,11.07734
"May 01, 2026 - May 31, 2026","=""amzn1.ads-account.g.a5og6bnunpn8m911rke7gdql""",Cubelelo,,Sponsored Products,"=""484046863276712""",SP-KT - Generic - Open - 'Rubik's Cube' - SKAG - High Volume - Exact,,INR,321847,0,3126,0.9713%,,33646.04,458,,73.46297,,176618.47,,5.24931,
"May 01, 2026 - May 31, 2026","=""amzn1.ads-account.g.a5og6bnunpn8m911rke7gdql""",Cubelelo,,Sponsored Products,"=""405383753413943""","SP-KT - Lube Combo, Magic, Pyraminx, Skewb, Stand, Timer, Gear - Open - Mid & Low Volume - Exact & Phrase",,INR,93707,0,1361,1.4524%,,10361.36,200,,51.80680,,101808.62,,9.82580,
"May 01, 2026 - May 31, 2026","=""amzn1.ads-account.g.a5og6bnunpn8m911rke7gdql""",Cubelelo,,Sponsored Products,"=""287167733706633""",SP-KT - Comp - GAN - Generic - High Volume - Exact,,INR,9091,0,43,0.4730%,,232.87,0,,,,0.00,,0.00000,
"May 01, 2026 - May 31, 2026","=""amzn1.ads-account.g.a5og6bnunpn8m911rke7gdql""",Cubelelo,,Sponsored Products,"=""333332405788753""",SP - Non Cube - Infinity cube - Generic - Phrase & Exact,,INR,67951,0,726,1.0684%,,4884.82,90,,54.27578,,28147.58,,5.76226,
"May 01, 2026 - May 31, 2026","=""amzn1.ads-account.g.a5og6bnunpn8m911rke7gdql""",Cubelelo,,Sponsored Products,"=""327219448958152""",SP-PT - Comp - Hawkister - High Volume - Exact,,INR,96099,0,3073,3.1977%,,26235.62,294,,89.23680,,143056.51,,5.45276,
"May 01, 2026 - May 31, 2026","=""amzn1.ads-account.g.a5og6bnunpn8m911rke7gdql""",Cubelelo,,Sponsored Products,"=""530532259196935""","SP-KT - Megaminx, Pyramid, Timer & Gear - Open - High Volume - Exact",,INR,30833,0,450,1.4595%,,2925.92,78,,37.51179,,33001.94,,11.27917,
"May 01, 2026 - May 31, 2026","=""amzn1.ads-account.g.a5og6bnunpn8m911rke7gdql""",Cubelelo,,Sponsored Products,"=""434668412101024""",SP-PT - Wooden - Comp - Calendar Puzzle - Best selling - Brain Teaser Puzzles - Exact,,INR,21199,0,38,0.1793%,,472.11,2,,236.05500,,520.95,,1.10345,
"May 01, 2026 - May 31, 2026","=""amzn1.ads-account.g.a5og6bnunpn8m911rke7gdql""",Cubelelo,,Sponsored Products,"=""442384136510181""","SP-KT - Generic - 3x3 - 'Cube, Cube Puzzle, Cube 33, Rubik's Cube 3x3',rubik's cube 3x3 speed cube - High Volume - Exact",,INR,19403,0,296,1.5255%,,3515.48,46,,76.42348,,18410.50,,5.23698,
"May 01, 2026 - May 31, 2026","=""amzn1.ads-account.g.a5og6bnunpn8m911rke7gdql""",Cubelelo,,Sponsored Products,"=""437530893523061""",SP-PT - Number Sliding Puzzle - Comp - Low & High ASP - Mid Volume - Exact,,INR,15903,0,487,3.0623%,,4083.62,58,,70.40724,,15247.64,,3.73385,
"May 01, 2026 - May 31, 2026","=""amzn1.ads-account.g.a5og6bnunpn8m911rke7gdql""",Cubelelo,,Sponsored Products,"=""210527515847871""",SP-KT - Tangram - Generic - Return Gift Queries - Exact,,INR,18497,0,66,0.3568%,,485.30,3,,161.76667,,1282.86,,2.64344,
