(Parent) ASIN,(Child) ASIN,Title,SKU,Sessions - Total,Sessions - Total - B2B,Session Percentage - Total,Session Percentage - Total - B2B,Page Views - Total,Page Views - Total - B2B,Page Views Percentage - Total,Page Views Percentage - Total - B2B,Featured Offer Percentage,Featured Offer Percentage - B2B,Units Ordered,Units Ordered - B2B,Unit Session Percentage,Unit Session Percentage - B2B,Ordered Product Sales,Ordered Product Sales - B2B,Total Order Items,Total Order Items - B2B
B0FBMGT6V7,B0FBMGT6V7,Cubelelo Drift Explorer 3x3 Speed Cube | Best Starter Speedcube for Beginners | Perfect Brain Teaser for Kids Ages 4 to14 Years Old & Above Boys Girls Children | Smooth Turning Puzzle Toy for Adults,1030300_EAN,"53,218",789,14.95%,12.87%,"71,467","1,102",14.43%,12.65%,99.99%,100.00%,"3,514",38,6.60%,4.82%,"₹5,29,799.00","₹5,795.00","3,213",34
B0DRVQVFJB,B0DRVQVFJB,Cubelelo Drift 3M v3 3x3 Magnetic Speedcube (Standard) | Latest Version with New & Improved Internal Structure for Smooth Turns & Stability | Cube Toy for 6-10 Years Old Boys Girls Adults,1030604,"29,861",469,8.39%,7.65%,"49,534",810,10.00%,9.30%,99.93%,100.00%,"2,180",34,7.30%,7.25%,"₹9,96,477.00","₹15,997.00","2,156",32
B09HH8CC7Y,B09HH8CC7Y,"Cubelelo Drift Number Sliding Magnetic Puzzle 4x4 | Toys For 6-10 Years Old Boys & Girls | 15-Blocks Brain Teaser Puzzle Game for Kids | Educational, Learning, Activity Toy for Return & Birthday Gifts",1630210,"15,658",313,4.40%,5.10%,"22,087",449,4.46%,5.15%,99.79%,100.00%,"1,778",26,11.36%,8.31%,"₹4,75,461.00","₹6,984.00","1,581",24
B0BYVHGR5H,B0BYVHGR5H,"Cubelelo Drift 2x2, 3x3 & Pyraminx Cube Combo (Stickerless) | Ideal for Kids Above 3 4 5 6 Years Old Boys Girls | 3 in 1 Speedcube Gift Set | High Speed Puzzle 3x3x3 2x2x2 Pyramid Triangle",1460553,"12,509",200,3.51%,3.26%,"18,436",312,3.72%,3.58%,99.43%,100.00%,"1,338",23,10.70%,11.50%,"₹6,61,175.00","₹11,477.00","1,281",23
B07XPNC385,B07XPNC385,Cubelelo Drift 3x3 Black Speedcube | Beginner Cube for Kids & Adults | Magic Speed Stress Buster Brainstorming Puzzle (Multicolor) | Anti-Pop Technology | Smooth Turning | Durable,1030400,"9,106",146,2.56%,2.38%,"13,603",250,2.75%,2.87%,99.53%,98.63%,"1,323",31,14.53%,21.23%,"₹2,62,579.01","₹6,365.61","1,196",22
B08LBGYZ51,B08LBGYZ51,Cubelelo Drift 3x3 Mirror (Silver) Magic Speed Cube | Shape Shifter Speedcube with Durable Stickers | Advanced 3x3x3 Puzzle Toy for Kids Ages 7-14 Boys Girls & Adults | Collector's Item,1120100,"8,964",121,2.52%,1.97%,"12,289",163,2.48%,1.87%,99.96%,100.00%,671,11,7.49%,9.09%,"₹1,97,380.00","₹3,284.00",642,10
B08LBJ3P8L,B08LBJ3P8L,Cubelelo Drift 2x2 Stickerless Cube | Beginner Speedcube for Kids Boys Girls Above 3 4 5 6 Years Old & Above | Magic Puzzle Toy | Durable & Smooth Cube with Anti-Pop Design 2x2x2,1020200,"3,708",84,1.04%,1.37%,"5,867",129,1.18%,1.48%,99.87%,100.00%,690,36,18.61%,42.86%,"₹1,56,376.00","₹7,740.00",628,19
B0GH18NXXG,B0GH18NXXG,"Cubelelo Drift Magnetic Tangram Puzzle | with Strong Magnets, Wooden Pieces & Bold Colors | Toys for 5-10 Years Old Boys Girls & Adults | Travel Friendly, Educational Toy for Return & Birthday Gifts",1630222,"11,043",214,3.10%,3.49%,"14,572",271,2.94%,3.11%,99.87%,100.00%,706,4,6.39%,1.87%,"₹2,76,891.00","₹1,596.00",617,4
B08H88N2N9,B08H88N2N9,Cubelelo Drift Warrior 3x3 Stickerless Cube | Beginner Speedcube for Kids Boys Girls Above 3 4 5 6 Years Old & Above | Magic Puzzle Toy | Durable & Smooth Cube with Anti-Pop Design 3 3,1030500,"10,588",150,2.97%,2.45%,"14,204",217,2.87%,2.49%,99.95%,95.79%,665,13,6.28%,8.67%,"₹1,32,465.00","₹2,574.00",599,6
B09B7PNSTV,B09B7PNSTV,Cubelelo Drift Infinity Cube (Blue) | Magic Puzzle Cool Mini Gadget for Stress and Anxiety Relief for Kids and Adults | Desk Finger Flip Toy for Fun and Game | for Ages 3 Years and Above,1630202,"17,537",358,4.93%,5.84%,"22,841",442,4.61%,5.07%,99.98%,100.00%,664,9,3.79%,2.51%,"₹2,08,534.00","₹2,936.00",567,9
B08XK25RRF,B08XK25RRF,"Cubelelo Drift 2x2 & 3x3 Cube Gift Box Combo | 2-in-1 Puzzle Toy Game Set for Children Kids & Adults Ages 4 5 6 & Above | Double the Challenge, Twice the Fun | Ultimate Value Saver Combo",1460501,"4,847",59,1.36%,0.96%,"7,157",83,1.44%,0.95%,99.30%,100.00%,552,9,11.39%,15.25%,"₹1,63,478.00","₹2,713.00",541,8
B0FL7TDJLF,B0FL7TDJLF,"Cubelelo Drift 4x4 Stickerless Cube Puzzle Toy | Combines Smoothness, Stability & Durability | 4x4x4 Speedcube for Beginners| Suitable for Kids Ages 6 to 14 Years Old, Boys, Girls & Adults",1040400,"4,467",81,1.25%,1.32%,"7,196",136,1.45%,1.56%,99.97%,100.00%,519,6,11.62%,7.41%,"₹2,02,642.00","₹2,393.00",509,5
B0DB6311DK,B0DB6311DK,Cubelelo Drift Megaminx v2 Cube (New Improved Version) | 12-Sided Fun and Challenging Puzzle with Ridge Design | Smooth Turning Dodecahedron | Perfect for Speed-Cubing | Ideal for Kids & Adults,1290300,"5,436",80,1.53%,1.30%,"8,332",125,1.68%,1.43%,99.81%,100.00%,446,3,8.20%,3.75%,"₹2,61,181.80","₹1,796.00",443,3
B09QYW9DYC,B09QYW9DYC,Cubelelo Drift Pyraminx Puzzle Speedcube | Beginner Starter Cube for Kids 3+ Year Old & Above | Triangle Pyramid Shape Stickerless 3x3 Cubes Toy | Ideal for Boys Girls Children 4 5 6+ Years & Adults,1280100a,"2,133",31,0.60%,0.51%,"3,290",42,0.66%,0.48%,98.98%,95.83%,402,5,18.85%,16.13%,"₹1,11,955.00","₹1,423.00",383,5
B0GN1TJ7F4,B0GN1TJ7F4,"Cubelelo Drift Clang! | 2-4 Players Classic Magnetic Attraction Strategy Game | Features 24 Magnets & Adjustable Rope | Fun Gifting Toy for Family, Teens & Adults | Compact and Travel Friendly",1630223,"8,075",191,2.27%,3.11%,"10,561",261,2.13%,3.00%,99.69%,100.00%,418,12,5.18%,6.28%,"₹2,07,240.00","₹6,188.00",383,11
B09K7QTCXP,B09K7QTCXP,Cubelelo Drift 5x5 Stickerless Speed Cube | AKA Professor's Cube Magic Puzzle for Kids & Adults | Smooth and Durable Speedy Brainstorming Puzzle| Ultimate Stress Buster and Mind Challenge,1050200,"3,070",43,0.86%,0.70%,"4,566",75,0.92%,0.86%,99.58%,100.00%,355,8,11.56%,18.60%,"₹1,53,292.00","₹3,589.00",353,8
B09HH8XQ14,B09HH8XQ14,Cubelelo Drift 4x4 (Black) Speedcube | Challenging Brain Teaser Puzzle Toy for Kids 7-14 Years Old Boys Girls & Adults All Ages | Fast Speed Cube for Intermediate and Advanced Cubers,1040300,"4,131",91,1.16%,1.48%,"6,018",129,1.21%,1.48%,99.60%,100.00%,355,7,8.59%,7.69%,"₹1,14,604.01","₹2,538.01",349,7
B0DJQWJFSX,B0DJQWJFSX,Cubelelo Drift 3M Plus v2 3x3 (Magnetic) (New Upgraded Version) | Based on MoYu RS3M v5 | Dual-Adjustment System | Speedcube for Kids & Adults | Magic Speedy Stress Buster Brainstorming Puzzle,1030651,"5,298",90,1.49%,1.47%,"8,415",137,1.70%,1.57%,99.92%,98.67%,301,8,5.68%,8.89%,"₹2,07,911.00","₹5,790.00",299,7
B09QMNCWYG,B09QMNCWYG,Cubelelo Drift Infinity Cube (Green) | Magic Puzzle Cool Mini Gadget for Stress and Anxiety Relief for Kids and Adults | Desk Finger Flip Toy for Fun and Game | for Ages 3 Years and Above,1630201,"9,164",167,2.57%,2.72%,"11,881",213,2.40%,2.45%,99.98%,100.00%,316,4,3.45%,2.40%,"₹93,210.00","₹1,196.00",289,4
B08XK4V59M,B08XK4V59M,"Cubelelo Drift 2x2, 3x3 & 4x4 Premium Gift Box | 3-in-1 Puzzle Game Set | Triple the Challenge, Thrice the Fun | Ultimate Value Saver Combo | Brainstoming Toy for Children Kids & Adults",1460503,"3,404",56,0.96%,0.91%,"4,803",88,0.97%,1.01%,99.95%,100.00%,194,3,5.70%,5.36%,"₹1,13,506.00","₹1,856.00",191,3
B0BV247KZ6,B0BV247KZ6,Cubelelo Magic Snake Rainbow Puzzle Cube (24 Wedges) | Twist and Turn Shape Creation Fun Game for Kids Boys Girls and Adults | Multicolor Brain Teaser Stress Buster Toy | for Ages 3 Years and Above,1310035_EAN,"2,922",54,0.82%,0.88%,"3,978",74,0.80%,0.85%,99.86%,100.00%,227,2,7.77%,3.70%,"₹58,570.00",₹558.00,190,2
B0BRXJ9Q4G,B0BRXJ9Q4G,Cubelelo Drift 3M Plus v2 3x3 (Magnetic) Cube | New Upgraded Version Based on MoYu RS3M v5 | Dual-Adjustment System | Premium Speedcube for Kids Boys Girls Ages 4+ Year Old & Adults,1030700_EAN,"7,578",202,2.13%,3.29%,"10,670",282,2.15%,3.24%,99.92%,100.00%,191,8,2.52%,3.96%,"₹1,30,267.00","₹5,590.00",187,8
B0DRVMTFN1,B0DRVMTFN1,"Cubelelo Drift 3M v3 3x3 (Magnetic UV Coated) Speedcube - New Version | Premium Glossy Finish, Ultra Fast & Smooth Turns, Enhanced Auto-Alignment with 48 Magnets | Puzzle Cube for Kids & Adults",1030603,"7,686",149,2.16%,2.43%,"9,438",185,1.91%,2.12%,99.96%,100.00%,184,3,2.39%,2.01%,"₹1,44,366.00","₹2,397.00",183,3
B0CNXPFMRV,B0CNXPFMRV,"Cubelelo Drift Rainbow Ball Puzzle | Compact, Multicolor Sphere (Fidget Toy) | Portable Brain Teaser for Kids & Adults | Stress Relief & Fun On-The-Go Puzzle",1630207,"6,245",51,1.75%,0.83%,"7,798",64,1.57%,0.73%,99.96%,100.00%,150,2,2.40%,3.92%,"₹41,331.00",₹578.00,143,2
B08169YZPG,B08169YZPG,Cubelelo Drift Gear 3x3 Stickerless Cube Speed Cube | Toy for Kids & Adults | Magic Speedy Stress Buster Brainstorming Puzzle 3x3x3 (Multicolor),1140022,"3,266",54,0.92%,0.88%,"4,296",64,0.87%,0.73%,99.92%,100.00%,141,0,4.32%,0.00%,"₹53,985.00",₹0.00,140,0
B0BZL11XWC,B0BZL11XWC,"Cubelelo Drift 4x4, 5x5 Premium Gift Box | 2-in-1 Puzzle Game Set | Challenge, Thrice The Fun | Ultimate Value Saver Combo | Brainstoming Toy for Children Kids & Adults",1460510,"2,178",30,0.61%,0.49%,"3,148",46,0.64%,0.53%,99.96%,100.00%,140,0,6.43%,0.00%,"₹1,00,326.00",₹0.00,137,0
B09PYRTM4X,B09PYRTM4X,Cubelelo Drift 3x3 Jelly Edition Speedcube Magic Cube Puzzle,1030478,"4,727",58,1.33%,0.95%,"6,110",75,1.23%,0.86%,99.87%,100.00%,141,1,2.98%,1.72%,"₹38,096.00",₹278.00,122,1
B0FB8VSWYZ,B0FB8VSWYZ,Cubelelo GAN 356 ME (v3-Frosted) 3x3 Magnetic Speed Cube | New Version | Premium Smooth Turning Puzzle for Speedcubing | Fast & Stable Competition-Ready Cube for Beginners & Professionals,1030553,"7,746",139,2.18%,2.27%,"12,105",225,2.44%,2.58%,98.27%,100.00%,118,3,1.52%,2.16%,"₹2,85,188.00","₹7,797.00",118,3
B09BZPFCZ8,B09BZPFCZ8,Cubelelo Drift Mastermorphix Stickerless Cube Puzzle for Kids & Adults Speedy Stress Buster Brainstorming Cube,1270100,"1,777",35,0.50%,0.57%,"2,423",50,0.49%,0.57%,99.96%,100.00%,114,2,6.42%,5.71%,"₹36,617.00",₹657.00,112,2
B0BV276B7T,B0BV276B7T,Cubelelo Magic Snake Rainbow Puzzle Cube (72 Wedges) | Twist and Turn Shape Creation Fun Game for Kids Boys Girls and Adults | Multicolor Brain Teaser Stress Buster Toy | for Ages 3 Years and Above,1310036_EAN,"1,475",30,0.41%,0.49%,"2,077",41,0.42%,0.47%,99.84%,100.00%,111,1,7.53%,3.33%,"₹59,959.00",₹549.00,107,1
B0BSFD6XY8,B0BSFD6XY8,Cubelelo Drift Pyraminx M (Magnetic) Puzzle | Toys for Kids 4 5 6 7 8 to 14 Years Old & Above Boys Girls All Ages | Stickerless Pyramid Triangle High Speed Gift Cube Toy | Travel Friendly,1280600_EAN,"1,209",24,0.34%,0.39%,"1,824",30,0.37%,0.34%,100.00%,100.00%,106,3,8.77%,12.50%,"₹62,624.00","₹1,947.00",105,3
B0DRVW5BNS,B0DRVW5BNS,Cubelelo Drift 3x3 Mirror Blue (Tiled) Speed Cube | New Blue Version Looks Stunning with Buttery Smooth Turns | Ideal for Kids Above 5 6 Years Old Boys Girls | 3x3x3 Shape-Shifting Design Puzzle Toy,1120039,"1,251",26,0.35%,0.42%,"2,024",35,0.41%,0.40%,99.78%,96.15%,96,2,7.67%,7.69%,"₹31,689.00",₹698.00,96,2
B09K7QWDT5,B09K7QWDT5,Cubelelo Drift Skewb Stickerless Speedcube Puzzle for Kids & Adults | Fast & Smooth Stress Buster | Brain-Boosting Challenge for Kids and Adults (Multicolour),1130100,"1,251",23,0.35%,0.38%,"1,672",35,0.34%,0.40%,99.94%,100.00%,93,1,7.43%,4.35%,"₹49,984.00",₹548.00,90,1
B08998HB2Y,B08998HB2Y,Cubelelo Drift Mirror Blue Magic Cube Brainstorming Stressbuster Speedcube Puzzle,1120034,"1,366",26,0.38%,0.42%,"1,857",35,0.37%,0.40%,100.00%,100.00%,90,3,6.59%,11.54%,"₹28,047.00",₹957.00,88,3
B08LKQHDBF,B08LKQHDBF,Cubelelo Drift 3x3 Mirror (Golden) Speed Cube | Shape Shifter Magic Speedcube Puzzle Toys for 7-14 Year Old Boys Girls and Adults All Ages | Advanced 3x3 with Durable Stickers | Collector's Item,1120200,868,11,0.24%,0.18%,"1,167",14,0.24%,0.16%,100.00%,100.00%,88,2,10.14%,18.18%,"₹27,483.00",₹638.00,88,2
B0CJMFHLTC,B0CJMFHLTC,Cubelelo Drift Cube Lubricant | for Fast & Silky Smooth Turns for Your Puzzle Cube | Useful Cubing Accessory for Kids,1370100,"1,141",14,0.32%,0.23%,"1,642",17,0.33%,0.20%,100.00%,100.00%,85,1,7.45%,7.14%,"₹16,055.40",₹189.00,84,1
B09HH5R69B,B09HH5R69B,Cubelelo Drift 6x6 Stickerless Speed Cube Magic Puzzle for Kids & Adults | Advanced Level Speedcube | Speedy Stress Buster Brainstorming Cube,1060100,"1,207",21,0.34%,0.34%,"1,752",38,0.35%,0.44%,99.74%,100.00%,83,2,6.88%,9.52%,"₹77,046.00","₹1,948.00",83,2
B0BM63N44W,B0BM63N44W,Cubelelo Drift 2x2x3 Cuboid Stickerless Puzzle | Unique Twist | Smooth Rotations for Stress Relief & Brain Teasers | Ideal Puzzle for Kids & Adults,1350100,916,24,0.26%,0.39%,"1,256",38,0.25%,0.44%,100.00%,100.00%,83,3,9.06%,12.50%,"₹28,587.00","₹1,046.00",82,3
B0CZDV68CM,B0CZDV68CM,"Cubelelo Drift Windmill (Tiled) Magic Cube Puzzle | Unique Shape Mod with Premium Design, Smooth Finish Toy for Intermediate and Advanced Solvers | Suitable for Adults and Kids Ages 3 & Above",1170200,"2,398",44,0.67%,0.72%,"3,201",58,0.65%,0.67%,100.00%,100.00%,81,0,3.38%,0.00%,"₹30,297.00",₹0.00,81,0
B09QCHSPYP,B09QCHSPYP,"Cubelelo Drift 2M 2x2 Magnetic Stickerless Speedcube | Premium Multicolor Puzzle Cube for Kids & Adults | Ideal for Speedcubing, Brainstorming, and Mental Development | (Smooth & Fast Turns)",1020600,"1,535",37,0.43%,0.60%,"2,344",79,0.47%,0.91%,100.00%,100.00%,79,3,5.15%,8.11%,"₹40,374.00","₹1,597.00",77,2
B0BVHL9JLB,B0BVHL9JLB,"Cubelelo Drift 5-in-1 Cube Gift Box | 2x2, 3x3, 4x4, 5x5 and Secret Tutorial for Cubes Guide Book | Suitable for Kids & Adults | Magic Speedy Stress Buster Brainstorming Puzzle Multicolor Combo Set",1460100_EAN,"2,607",37,0.73%,0.60%,"3,610",56,0.73%,0.64%,97.31%,96.77%,75,3,2.88%,8.11%,"₹74,179.00","₹2,994.00",74,3
B0BRXKFQWS,B0BRXKFQWS,Cubelelo Drift 3M Plus v2 3x3 (MagLev) Magnetic Speedcube (New Version) | Cube for Kids Boys Girls Children Ages 4 5 6 7 8 & Above | Premium 3x3x3 for Speedcubing with Excellent Performance,1030800_EAN,"4,966",160,1.40%,2.61%,"5,732",183,1.16%,2.10%,99.98%,100.00%,78,3,1.57%,1.88%,"₹1,01,489.00","₹3,895.00",72,3
B0CZ9JH3F5,B0CZ9JH3F5,"Cubelelo Drift Axis (Tiled) 3x3 Magic Cube Puzzle | Unique Shape Mod with Premium Design, Smooth Finish Toy for Intermediate & Advanced Solvers | Toys for Adults & Kids Girls Boys Ages 7-14 Years Old",1180200,"1,189",23,0.33%,0.38%,"1,624",34,0.33%,0.39%,100.00%,100.00%,72,2,6.06%,8.70%,"₹26,885.00",₹758.00,71,2
B0CL3HR7YS,B0CL3HR7YS,"Cubelelo Drift Warrior 3x3 & Premium Cube Lubricant Combo | Speed Cube Set for Fast, Smooth, Professional Solving | Ultimate Kit for All Your Speedcubing Needs Multicolor for Kids, Adults All Ages",CLB0502,"3,974",80,1.12%,1.30%,"4,618",92,0.93%,1.06%,99.93%,100.00%,67,1,1.69%,1.25%,"₹17,646.00",₹269.00,67,1
B0DKJD6WV1,B0DKJD6WV1,"Cubelelo Drift 3M Plus v2 3x3 (Magnetic) with Cube Lubricant & Premium Pouch (2024 Updated Version) | 48 Strong Magnets for Enhanced Stability & Smooth Turns | Kids & Adults,multicolor",CLB0503,"2,270",34,0.64%,0.55%,"3,618",51,0.73%,0.59%,99.97%,100.00%,67,2,2.95%,5.88%,"₹53,517.00","₹1,597.00",66,2
B0C3H8JJGQ,B0C3H8JJGQ,Cubelelo Wooden Beads Threading Lacing Game | DIY Lace & String Beading Kit | Multicolor Beads Rope Sewing Toy for Children Kids Boys Girls | Develops Creativity & Imagination | Puzzle,4001039,"1,182",18,0.33%,0.29%,"1,674",20,0.34%,0.23%,99.86%,100.00%,68,3,5.75%,16.67%,"₹47,532.00","₹2,097.00",64,1
B0CJBLTM11,B0CJBLTM11,"Cubelelo Drift Daily Calendar Puzzle | A-Puzzle-A-Day | Wooden Challenging Tangram Puzzle Toys for Adults and Kids | Compact, Travel Friendly Toy for Return & Birthday Gifts",4001001a,721,20,0.20%,0.33%,996,28,0.20%,0.32%,99.76%,100.00%,70,2,9.71%,10.00%,"₹20,022.00",₹556.00,62,2
B09B75WYR2,B09B75WYR2,Cubelelo Drift Mini 3x3 Keychain | Magic Speed Cube Toy | Puzzle for Kids and Adults | Compact and Handy Multi Purpose Brain Teaser Game for Fun and Joy | for Ages 3 Years and Above,1960100,848,15,0.24%,0.24%,"1,378",22,0.28%,0.25%,100.00%,100.00%,64,0,7.55%,0.00%,"₹18,383.00",₹0.00,60,0
B0C55QR5BN,B0C55QR5BN,Cubelelo Drift Mirror 2X2 (Silver) Stickerless Speed Cube|Comes with Mirror Finished Sticker for A Premium Look&Feel|Collective Item|Speedy Stress Buster Brainstorming Puzzle for Kids & Adults |,1120400_EAN,"1,050",13,0.29%,0.21%,"1,389",20,0.28%,0.23%,99.69%,100.00%,60,1,5.71%,7.69%,"₹16,440.00",₹278.00,58,1
B0D9NW55MK,B0D9NW55MK,Cubelelo Drift 2x2 with Cube Lubricant and Stand Combo | High-Performance Speed Cube | Smooth Turning & Durable | Ideal for All Ages,1460577,502,10,0.14%,0.16%,801,12,0.16%,0.14%,100.00%,100.00%,56,2,11.16%,20.00%,"₹15,337.01",₹595.01,56,2
B09VPLRW2S,B09VPLRW2S,Cubelelo Shengshou Magnetic Clock Magic Puzzle for Kids - Vibrant Blue Educational Toy for Developing Problem-Solving Skills and Motor Coordination,1530003a,622,19,0.17%,0.31%,891,25,0.18%,0.29%,99.62%,100.00%,54,8,8.68%,42.11%,"₹48,530.00","₹7,190.00",52,6
B0FQVDNZ3K,B0FQVDNZ3K,TinkerBox Object Permanence Box | 6+ Months | Montessori Wooden Toy for Babies & Toddlers | Early Learning Puzzle for Hand-Eye Coordination & Cause-and-Effect | Safe & Durable Baby Toy,TB03001,498,23,0.14%,0.38%,752,41,0.15%,0.47%,100.00%,100.00%,49,1,9.84%,4.35%,"₹35,280.00",₹698.00,49,1
B0DQ8XH4J5,B0DQ8XH4J5,"Cubelelo Drift 3M Plus v2 MagLev 3x3 Speedcube with Premium Pouch & Cube Lubricant Combo | Advanced MagLev Technology for Superior Stability | Ultra-Smooth Turns | Ideal for Speedcubers, Kids & Adults",CLB0525,"1,666",31,0.47%,0.51%,"2,241",40,0.45%,0.46%,99.31%,100.00%,48,0,2.88%,0.00%,"₹65,742.00",₹0.00,48,0
B07YNJ6YKH,B07YNJ6YKH,Cubelelo Premium Silicone Velocity 5ml Cube Lubricant | High-Speed Puzzle Cube Lube | Long-Lasting Smoothness | Compatible with every cube,1370025a,802,13,0.23%,0.21%,"1,397",15,0.28%,0.17%,100.00%,100.00%,46,0,5.74%,0.00%,"₹13,754.00",₹0.00,46,0
B0C55MW9WL,B0C55MW9WL,"Cubelelo Drift Column 3x3 Stickerless Speedcube Puzzle | Unique Cylindrical Speed Cube | Ultimate Stress Buster & Brainstorming Challenge for Kids & Adults | Smooth, Fast Puzzle for All Skill Levels",1630300_EAN,"1,419",16,0.40%,0.26%,"1,877",24,0.38%,0.28%,99.88%,100.00%,45,1,3.17%,6.25%,"₹14,791.00",₹329.00,45,1
B0CP1XHDTC,B0CP1XHDTC,"Cubelelo Drift Gear 3x3 Tiled Black Puzzle - Unique Gear Mechanism Speedcube for Enthusiasts & Beginners | Durable, Smooth-Turning, and Visually Striking 3x3 Magic Cube for Kid",1140034,623,20,0.18%,0.33%,831,31,0.17%,0.36%,99.74%,100.00%,45,1,7.22%,5.00%,"₹16,966.00",₹499.00,45,1
B07F1M6KCP,B07F1M6KCP,Cubelelo Drift 3x3 Carbon Fiber Speed Cube Puzzle | Premium Multicolor Magic Cube for Kids & Adults | Stress Relief Brain Teaser with Smooth Turns & Durable Carbon Fiber Stickers,1030322,"1,937",17,0.54%,0.28%,"2,557",22,0.52%,0.25%,97.32%,100.00%,45,0,2.32%,0.00%,"₹12,127.00",₹0.00,44,0
B08XJZW1T8,B08XJZW1T8,"Cubelelo Drift Axis, Fisher & Windmill v2 Tiled Gift Box | Unique Puzzle Combo for Kids & Adults | Smooth & Durable Cubes for Puzzle Enthusiasts",1460560_gp,992,19,0.28%,0.31%,"1,384",28,0.28%,0.32%,100.00%,100.00%,43,2,4.33%,10.53%,"₹35,643.00","₹1,698.00",43,2
B0CW1R5ZBW,B0CW1R5ZBW,Cubelelo Drift Infinity Cube Combo (Pack of 2 - Blue & Green) | Stress Relief Fidget Toy for Focus & Anxiety Reduction | Portable Pocket-Sized Desk Gadget for All Age,CLB0214,425,12,0.12%,0.20%,547,15,0.11%,0.17%,100.00%,100.00%,46,2,10.82%,16.67%,"₹24,305.00","₹1,058.00",42,2
B08XJVBV15,B08XJVBV15,"Cubelelo Drift 3x3 & 4x4 Stickerless Combo Set – Premium Dual Speed Cube Bundle for All Skill Levels – Smooth Turning, Durable, and Vibrant Stickerless Design",1460502,867,11,0.24%,0.18%,"1,167",12,0.24%,0.14%,98.81%,100.00%,40,2,4.61%,18.18%,"₹20,410.00","₹1,028.00",40,2
B09HH8MCK4,B09HH8MCK4,Cubelelo Drift Cube Timer for Speed Cube,1380100,"1,244",34,0.35%,0.55%,"1,820",61,0.37%,0.70%,99.82%,100.00%,42,5,3.38%,14.71%,"₹54,545.00","₹6,491.00",40,3
B0C55MBRHV,B0C55MBRHV,Cubelelo Drift Megaminx 2x2 Stickerless Speedcube Puzzle for Kids & Adults | 12 Sided Unique Challenging Puzzle with Adjustable Tension & Anti-pop Design,1670100_EAN,"1,109",19,0.31%,0.31%,"1,323",21,0.27%,0.24%,99.92%,100.00%,40,1,3.61%,5.26%,"₹19,883.80",₹499.00,40,1
B079WVQD89,B079WVQD89,Cubelelo Drift 4x4 with Cube Lubricant and Stand Combo | High-Performance Speed Cube | Adjustable Tension & Smooth Turning | Durable & Reliable | Ideal for All Ages,1460580,482,3,0.14%,0.05%,729,9,0.15%,0.10%,99.68%,100.00%,40,2,8.30%,66.67%,"₹18,014.00","₹1,048.00",39,2
B0FHW9DQ29,B0FHW9DQ29,"Cubelelo Drift Mirror 3x3 (Tiled - Colored) Speed Cube | No Stickers, Premium Finish with Smooth Turning Speedcube for Kids and Adults",1120038a,764,19,0.21%,0.31%,948,21,0.19%,0.24%,99.89%,93.33%,47,1,6.15%,5.26%,"₹17,532.00",₹399.00,36,1
B0CS6C29ZQ,B0CS6C29ZQ,Cubelelo Magic Snake Rainbow Puzzle Cube (60 Wedges) | Twist and Turn Shape Creation Fun Game for Kids Boys Girls and Adults | Multicolor Brain Teaser Stress Buster Toy | for Ages 3 Years and Above,1310039,532,13,0.15%,0.21%,694,16,0.14%,0.18%,99.69%,100.00%,40,0,7.52%,0.00%,"₹15,561.00",₹0.00,35,0
B0D9QBDCQW,B0D9QBDCQW,Cubelelo Drift 5x5 Stickerless with Cube Lubricant and Stand Combo | High-Performance Speed Cube | Adjustable Tension & Smooth Turning | Durable & Reliable | Ideal for All Ages,1460583,483,6,0.14%,0.10%,745,10,0.15%,0.11%,100.00%,100.00%,35,0,7.25%,0.00%,"₹19,201.00",₹0.00,35,0
B09WHYXJRH,B09WHYXJRH,"Cubelelo Drift Megaminx M (Magnetic) Stickerless Puzzle - Precision Puzzle for Competitive Solvers, Kids & Adults | Smooth Turning, Durable Design, Ideal for Brain Teasers and Speedcubing Challenges",1290600,"1,312",25,0.37%,0.41%,"1,569",34,0.32%,0.39%,99.80%,100.00%,34,1,2.59%,4.00%,"₹46,256.00","₹1,399.00",34,1
B0FF2FSJ7P,B0FF2FSJ7P,"TinkerBox Wooden My First Tool Kit with Storage Box | Toys for Kids 6-10 Year Old Boys and Girls | Premium 34-Piece Pretend Play Set | Realistic Tools for Learning, Education & Skill Develpoment",TB00001,"7,940",72,2.23%,1.17%,"9,685",85,1.96%,0.98%,99.98%,100.00%,34,0,0.43%,0.00%,"₹47,955.00",₹0.00,34,0
B0CS6B16FX,B0CS6B16FX,Cubelelo Magic Snake Rainbow Puzzle Cube (48 Wedges) | Twist and Turn Shape Creation Fun Game for Kids Boys Girls and Adults | Multicolor Brain Teaser Stress Buster Toy | for Ages 3 Years and Above,1310038,410,5,0.12%,0.08%,505,6,0.10%,0.07%,99.59%,100.00%,40,0,9.76%,0.00%,"₹13,761.00",₹0.00,33,0
B0DJR1FJ3M,B0DJR1FJ3M,Cubelelo Drift 3M Plus v2 3x3 (MagLev) Speedcube (New Upgraded Version) | Ultra-Smooth Magnetic Leviation for Fast Solves | Perfect Brain-Teasing Puzzle for Kids & Adults,1030652,"1,543",31,0.43%,0.51%,"1,957",60,0.40%,0.69%,99.79%,100.00%,34,3,2.20%,9.68%,"₹42,851.00","₹3,894.00",33,3
B09HH7K6W6,B09HH7K6W6,Cubelelo Drift 2x2 Black Speed Cube | Sleek & Fast Puzzle for Kids and Adults | Brain-Boosting Magic Cube for Kids Adults Comes in (Multicolor) Design,1020300,"1,154",24,0.32%,0.39%,"1,339",25,0.27%,0.29%,99.85%,100.00%,32,0,2.77%,0.00%,"₹7,705.00",₹0.00,31,0
B0CF9MJ1HV,B0CF9MJ1HV,Cubelelo Drift 3x3 Stickerless & Mirror Cube (Silver) Gift Box Combo Set | Ideal Gift for Puzzle Lovers | Toys for Kids 6-10 Year Old and Adults | 3x3x3 High Speed 3 3 & Shape Shifter,1460523,"2,027",32,0.57%,0.52%,"2,251",36,0.45%,0.41%,98.77%,100.00%,31,0,1.53%,0.00%,"₹13,294.00",₹0.00,31,0
B0DRVTQ6NM,B0DRVTQ6NM,Cubelelo Drift 3x3 Mirror Color (Tiled) Speedcube | New Colored Version Looks Fantastic with Buttery Smooth Turns | Ideal for Kids Above 5 Years Old | Unique Shape-Shifting Design for Puzzle Toy,1120038,"1,366",16,0.38%,0.26%,"1,711",20,0.35%,0.23%,100.00%,100.00%,31,1,2.27%,6.25%,"₹11,958.00",₹399.00,31,1
B0FHW6PLFC,B0FHW6PLFC,"Cubelelo Drift Mirror 3x3 (Tiled-Blue) Speed Cube | No Stickers, Premium Finish with Smooth Turning Speedcube for Kids and Adults",1120039a,392,5,0.11%,0.08%,546,7,0.11%,0.08%,99.80%,100.00%,31,0,7.91%,0.00%,"₹10,423.00",₹0.00,30,0
B0CZ9M5VBG,B0CZ9M5VBG,"Cubelelo Drift Fisher (Tiled) Magic Cube Puzzle for Kids & Adults | Unique Shape Mod with Premium Design, Smooth Finish Toy for Intermediate and Advanced Solvers | for Ages 3 and Above",1160200,800,13,0.22%,0.21%,945,17,0.19%,0.20%,100.00%,100.00%,29,0,3.63%,0.00%,"₹10,981.00",₹0.00,29,0
B01EYFA69G,B01EYFA69G,Cubelelo Standard Silicone Hurricane 5ml Cube Lubricant,1370031,431,2,0.12%,0.03%,802,2,0.16%,0.02%,100.00%,100.00%,28,0,6.50%,0.00%,"₹6,967.00",₹0.00,28,0
B0DRVRHR6G,B0DRVRHR6G,"Cubelelo Drift 3x3 Mirror Blue (Magnetic) (Tiled) Speedcube | Premium New Version Shape-Shifting Puzzle with Stunning Looks, Buttery Smooth Turns & Durability | Ideal for Kids Boys Girls Ages 6 & up",1120600,767,6,0.22%,0.10%,927,7,0.19%,0.08%,99.32%,100.00%,27,1,3.52%,16.67%,"₹19,466.00",₹749.00,27,1
B0DRSL7NTJ,B0DRSL7NTJ,"Cubelelo GAN Monster Go (v3) Magnetic 3x3 Speedcube | Honeycomb Design for Buttery Smooth & Stable Turning, Adjustable Tension, Corner Cutting | Ideal Puzzle Toy for Beginners, Boys & Girls Ages 6+",1030545,"3,219",48,0.90%,0.78%,"4,000",68,0.81%,0.78%,99.92%,100.00%,26,0,0.81%,0.00%,"₹25,966.00",₹0.00,26,0
B0CGNW2MFJ,B0CGNW2MFJ,Cubelelo Drift Square-1 & Skewb Gift Box | Explore the new Dimension of Uniquely Shaped Puzzles | 2 in 1 Combo Pack of Dual Challenge Delight | Brainstoming Game Toy for Children Kids & Adults,1460521,305,14,0.09%,0.23%,449,25,0.09%,0.29%,100.00%,100.00%,25,2,8.20%,14.29%,"₹18,672.00","₹1,698.00",25,2
B0CJFSPB4P,B0CJFSPB4P,Cubelelo Drift Puppet II Speed Cube | Brain Teaser Puzzle Toys | Limited Rotation | Creative New Cube for Kids and Adults,1260200,494,7,0.14%,0.11%,697,8,0.14%,0.09%,100.00%,100.00%,25,0,5.06%,0.00%,"₹12,686.00",₹0.00,25,0
B0CGNSKWFN,B0CGNSKWFN,Cubelelo Kid Drift 2X2 Silver Mirror & 3X3 Silver Mirror Gift Box | Premium Mirror Cube Set With Unique Reflective Design | Challenging Shape-Shifting Puzzles For Advanced Cubers & Beginners,1460520,174,4,0.05%,0.07%,276,12,0.06%,0.14%,99.54%,100.00%,24,1,13.79%,25.00%,"₹10,978.00",₹499.00,24,1
B09QCL5JCC,B09QCL5JCC,Cubelelo Drift 5M 5x5 (Magnetic) Stickerless Speed Cube Magic Puzzle for Kids & Adults Speedy Stress Buster Brainstorming Cube,1050600,865,12,0.24%,0.20%,"1,116",13,0.23%,0.15%,99.81%,100.00%,22,2,2.54%,16.67%,"₹30,479.00","₹2,998.00",21,1
B089LJBSPQ,B089LJBSPQ,Cubelelo Drift 2x2 Stickerless with Stand | High-Performance Speed Cube | Smooth Turning & Adjustable Tension | Durable & Reliable | Ideal for All Ages,1460565,361,4,0.10%,0.07%,502,7,0.10%,0.08%,99.78%,100.00%,19,0,5.26%,0.00%,"₹5,104.00",₹0.00,19,0
B0BZL1B44T,B0BZL1B44T,Cubelelo Drift Timer & Discovery Mat Combo For Speedcubing | Competition Timer With Super Sensitive Touch Pad Anti-Slippery Cubing Mat | Sturdy & Cube Accessories For Cubers,CLB0127_EAN,379,13,0.11%,0.21%,502,19,0.10%,0.22%,98.44%,100.00%,19,1,5.01%,7.69%,"₹29,415.51","₹1,533.51",19,1
B09WHY3DPP,B09WHY3DPP,Cubelelo Drift 6M 6x6 (Magnetic) Stickerless Speedcube Magic Puzzle Toy for Kids & Adults Speedy Stress Buster Brainstorming Cube,1060600,418,10,0.12%,0.16%,538,11,0.11%,0.13%,99.80%,100.00%,18,0,4.31%,0.00%,"₹27,730.00",₹0.00,18,0
B09WHYHTCR,B09WHYHTCR,Cubelelo Drift 7M 7x7 Magnetic Speedcube Magic Puzzle for Kids & Adults Speedy Stress Buster Brainstorming Cube,1070600,599,12,0.17%,0.20%,834,15,0.17%,0.17%,99.86%,100.00%,18,1,3.01%,8.33%,"₹39,575.00","₹2,199.00",18,1
B09MZ7WP73,B09MZ7WP73,"Cubelelo Drift 4M 4x4 (Magnetic) Speed Cube | AKA Revenge Cube | Combines Smoothness, Stability and Durability | Toys for Kids Ages 7-14 Boys Girls and Adults All Ages | 4x4x4 Puzzle Speedcube Toy",1040600,803,17,0.23%,0.28%,"1,063",27,0.21%,0.31%,99.80%,100.00%,17,0,2.12%,0.00%,"₹21,578.00",₹0.00,17,0
B0CNXSTGRX,B0CNXSTGRX,"Cubelelo Drift Mini Rainbow Ball Puzzle | Compact, Multicolor Sphere (Fidget Toy) | Portable Brain Teaser for Kids & Adults | Stress Relief & Fun On-The-Go Puzzle",1630208,376,6,0.11%,0.10%,476,10,0.10%,0.11%,99.52%,100.00%,17,0,4.52%,0.00%,"₹3,841.00",₹0.00,17,0
B0CN385G1H,B0CN385G1H,Cubelelo Discovery Mat for Kid| Premium Speed Cube Mat with Anti-Slip Surface | Ideal for Speedcubing Practice & Competition Setup | Durable & Portable Design,1380208,449,11,0.13%,0.18%,556,14,0.11%,0.16%,99.81%,100.00%,16,0,3.56%,0.00%,"₹6,054.00",₹0.00,16,0
B0BZKZ8212,B0BZKZ8212,"Cubelelo Drift Gear, Mirror (Silver) & Pyraminx Combo Stickerless | Unique Speedcube Set for Kids & Adults | Smooth & Durable Puzzles | Challenging Gift for Cubers",1460552,"1,248",19,0.35%,0.31%,"1,448",20,0.29%,0.23%,99.64%,100.00%,16,0,1.28%,0.00%,"₹12,777.00",₹0.00,15,0
B0CVDDHZMR,B0CVDDHZMR,"Cubelelo Drift Weekday Calendar Puzzle | Fun & Educational 7-Day Calendar Puzzle for All Ages | Enhance Cognitive Skills & Time Management Kids, Adults",4001044,116,2,0.03%,0.03%,164,4,0.03%,0.05%,99.26%,100.00%,17,0,14.66%,0.00%,"₹5,925.00",₹0.00,15,0
B0CVL1VSNM,B0CVL1VSNM,"Cubelelo Drift Megaminx Speed Cube + Lube Combo | Stickerless High-Speed Megaminx Puzzle with Professional Lubrication | Ideal for Speedcubing Enthusiasts, Kids & Adults",1460541,834,17,0.23%,0.28%,958,17,0.19%,0.20%,99.68%,100.00%,15,0,1.80%,0.00%,"₹10,480.00",₹0.00,15,0
B09BZMB4RT,B09BZMB4RT,Cubelelo Drift Square-1 Stickerless Cube Puzzle for Kids & Adults Speedy Stress Buster Brainstorming Cube,1150100,354,7,0.10%,0.11%,486,11,0.10%,0.13%,100.00%,100.00%,13,1,3.67%,14.29%,"₹7,179.00",₹598.00,13,1
B0CV7WY5N3,B0CV7WY5N3,"Cubelelo Drift Premium Lubricant (Pack of 2) | High-Performance Speed Cube Lubrication for Smoother, Faster Turns | Ideal for All Puzzle Cubes",CLB0212,160,2,0.04%,0.03%,245,4,0.05%,0.05%,98.56%,0.00%,13,0,8.13%,0.00%,"₹3,622.00",₹0.00,13,0
B0FQP762MD,B0FQP762MD,"TinkerBox Ring Stacker | 9+ Months | Montessori Wooden Stacking Toy for Toddlers & Kids | STEM Learning Puzzle for Shape, Size & Color Recognition | Safe & Durable Wooden Toy",TB04002,152,1,0.04%,0.02%,230,1,0.05%,0.01%,100.00%,0.00%,13,0,8.55%,0.00%,"₹5,183.00",₹0.00,13,0
B08KQGG9S7,B08KQGG9S7,Cubelelo Drift Carbon Fiber 4x4 Speed Cube Puzzle Toy for Kids & Adults Magic Speedy Stress Buster Brainstorming Cube,1040126,284,6,0.08%,0.10%,402,9,0.08%,0.10%,100.00%,100.00%,12,0,4.23%,0.00%,"₹4,782.00",₹0.00,12,0
B0FHW9NKJ1,B0FHW9NKJ1,"Cubelelo Drift 3x3 Mirror Blue (Magnetic) (Tiled) Speedcube | Premium New Version Shape-Shifting Puzzle with Stunning Looks, Buttery Smooth Turns & Durability | Ideal for Kids Boys Girls Ages 6 & up",1120600a,553,12,0.16%,0.20%,673,17,0.14%,0.20%,100.00%,100.00%,12,1,2.17%,8.33%,"₹9,236.00",₹749.00,12,1
B0FQPD4BGR,B0FQPD4BGR,"TinkerBox Play Gym | 0+ Months | Wooden Baby Activity Gym for Tummy Time, Sensory Play & Early Development | Supports Motor Skills & Hand-Eye Coordination | Safe Infant Learning Toy",TB00006,134,7,0.04%,0.11%,197,10,0.04%,0.11%,100.00%,100.00%,12,0,8.96%,0.00%,"₹9,990.00",₹0.00,12,0
B0CJFVM7VR,B0CJFVM7VR,Cubelelo Drift Puppet I 3x3 Speed Cube | Brain Teaser Puzzle Toys | Limited Rotation | Creative New Cube for Kids and Adults,1260100,416,10,0.12%,0.16%,649,13,0.13%,0.15%,100.00%,100.00%,11,0,2.64%,0.00%,"₹5,489.00",₹0.00,11,0
B0DQL42K5P,B0DQL42K5P,Cubelelo Banana Puzzle | Unique Fruit-Shaped 3D Brain Teaser Toy | Fun & Challenging Twisty Toy for Kids & Adults | Collectible Gift for Puzzle Enthusiasts,1630047a,197,7,0.06%,0.11%,250,7,0.05%,0.08%,99.12%,100.00%,11,0,5.58%,0.00%,"₹3,439.00",₹0.00,11,0
B0BRKQL9Q1,B0BRKQL9Q1,Cubelelo Twist 3X3 Speedcube|Stickerless Cube for Kids & Adults|Magic Speedy Stress Buster Brainstorming Puzzle (Multicolor),1030501_EAN,780,6,0.22%,0.10%,"1,064",6,0.21%,0.07%,99.89%,100.00%,10,0,1.28%,0.00%,"₹1,988.00",₹0.00,10,0
B0BWNJ8S5M,B0BWNJ8S5M,"Cubelelo Adult,Kid Secret Tutorial For Cubes Book | Solving Guide For More Than 25 Puzzles | Easy Speedcubing Guide",1000011,153,6,0.04%,0.10%,221,7,0.04%,0.08%,98.95%,100.00%,10,1,6.54%,16.67%,"₹1,890.00",₹189.00,10,1
B0CNKF1WY3,B0CNKF1WY3,"Cubelelo All Ages Drift 3X3, 4X4 & Pyraminx Gift Box",1460557,313,3,0.09%,0.05%,372,4,0.08%,0.05%,99.44%,100.00%,10,0,3.19%,0.00%,"₹6,483.00",₹0.00,10,0
B0DQLC5DMF,B0DQLC5DMF,Cubelelo Apple Puzzle | Unique Fruit-Shaped 3D Brain Teaser Toy | Fun & Challenging Twist Puzzle for Kids & Adults | Collectible Gift for Enthusiasts,1630049a,192,0,0.05%,0.00%,249,0,0.05%,0.00%,100.00%,0.00%,10,0,5.21%,0.00%,"₹3,624.00",₹0.00,10,0
B0FQVFPKFD,B0FQVFPKFD,TinkerBox Object Permanence Box with Drawer | 9+ Months | Montessori Wooden Toy for Babies & Toddlers | Early Learning Puzzle for Hand-Eye Coordination & Cause-and-Effect | Safe & Durable Baby Toy,TB04001,190,9,0.05%,0.15%,234,11,0.05%,0.13%,99.55%,100.00%,10,0,5.26%,0.00%,"₹8,140.00",₹0.00,10,0
B08M5C5XSY,B08M5C5XSY,Cubelelo Drift 4x4 Stickerless with Stand | High-Performance Speed Cube | Smooth Turning & Durable | Ideal for Beginners & Pros for Kids & Adults,1460570,171,2,0.05%,0.03%,233,4,0.05%,0.05%,100.00%,100.00%,10,0,5.85%,0.00%,"₹4,285.00",₹0.00,9,0
B0CZHHW1PG,B0CZHHW1PG,Cubelelo Drift Honeycomb Weekday Calendar Puzzle | A-Puzzle-A-Day | Premium Wooden Challenging Hexagon Shape Tetris Tangram Brain Storming Toy for Kids & Adults | Ideal Gift for Ages 3 and Above,4001045,116,3,0.03%,0.05%,181,3,0.04%,0.03%,100.00%,100.00%,9,0,7.76%,0.00%,"₹3,588.00",₹0.00,9,0
B0D9M7YY95,B0D9M7YY95,Cubelelo Drift Timer and AstroCuber Mat Combo | Precision Speed Cubing Timer & Premium Non-Slip Mat | Enhance Your Cubing Performance | Ideal for All Ages & Skill Levels,CLB0238,272,4,0.08%,0.07%,395,10,0.08%,0.11%,99.42%,0.00%,9,0,3.31%,0.00%,"₹13,941.00",₹0.00,9,0
B08JTJSCBP,B08JTJSCBP,Cubelelo Drift 3x3 Black & 3x3 Stickerless Gift Box,1460511,308,4,0.09%,0.07%,407,4,0.08%,0.05%,99.72%,100.00%,8,0,2.60%,0.00%,"₹2,391.00",₹0.00,8,0
B0DJ5CMDY1,B0DJ5CMDY1,Cubelelo Drift 3x3 Stickerless Speed Cube with Cube Lubricant and Stand Combo | High-Performance | Smooth Turning & Durable | Ideal for Beginners & Pros | Suitable for Kids & Adults,1460594,359,2,0.10%,0.03%,485,2,0.10%,0.02%,97.88%,100.00%,8,0,2.23%,0.00%,"₹2,390.00",₹0.00,8,0
B0FF9R4GS4,B0FF9R4GS4,TinkerBox Stack & Balance Human Tower | Wooden Interlocking Toy Set | Promotes Critical Thinking & Creativity | Early Learning Educational Game for Kids Children Boys Girls,TB00004,200,5,0.06%,0.08%,287,6,0.06%,0.07%,100.00%,100.00%,8,0,4.00%,0.00%,"₹5,190.00",₹0.00,8,0
B0FPBHRDM3,B0FPBHRDM3,"Cubelelo Customized Printed 3x3 Cube | Vibrant Full Color Custom Design Printing on All Sides – Perfect for Gifting, Giveaways, Branding & Collecting for Special Occasion, Valentine Gift",UV00001,68,1,0.02%,0.02%,158,1,0.03%,0.01%,99.27%,100.00%,8,0,11.76%,0.00%,"₹7,984.28",₹0.00,8,0
B08N19CLYJ,B08N19CLYJ,Cubelelo Drift 3x3 & Blue Mirror Cube Premium Gift Box | Speedcube Set for Kids & Adults | Smooth & Durable Puzzle Combo | Ideal Gift for Puzzle Lovers,1460507,205,4,0.06%,0.07%,276,5,0.06%,0.06%,100.00%,100.00%,7,0,3.41%,0.00%,"₹3,141.00",₹0.00,7,0
B09B754B1N,B09B754B1N,Cubelelo Drift 3M v3 3x3 Magnetic Speed Cube (Standard) | Newly Launched 2025 Version | Ideal Speedcube for Kids Above 5 6 7 8 Years Old Children Boys Girls Adults,1030600,320,6,0.09%,0.10%,419,13,0.08%,0.15%,96.95%,100.00%,7,0,2.19%,0.00%,"₹3,243.00",₹0.00,7,0
B0D6646W1D,B0D6646W1D,Cubelelo MoYu RS3M v5 MagLev Version with Robot Box (Magnetic) | Magnetic Speed Cube with MagLev Technology | Premium Robot Box Included | Speedcube for Kids & Adults | Brainstorming Puzzle,1030509,362,5,0.10%,0.08%,571,9,0.12%,0.10%,98.83%,100.00%,6,0,1.66%,0.00%,"₹10,794.00",₹0.00,6,0
B0GMX4TCBD,B0GMX4TCBD,TinkerBox Double Spinning Drum | 4+ Months | Montessori Wooden Rotating Sensory Toy for Toddlers | Tummy Time Baby Toy | Motor Skills Development | Non-Toxic Educational Safe & Durable Wooden Drum,TB02002b,57,0,0.02%,0.00%,79,0,0.02%,0.00%,100.00%,0.00%,6,0,10.53%,0.00%,"₹4,493.00",₹0.00,6,0
B07HYZ1VZP,B07HYZ1VZP,Cubelelo YJ MGC 2x2 Stickerless Magnetic Speed Cube Magic 2x2x2 Puzzle Toy,1020098,196,4,0.06%,0.07%,243,4,0.05%,0.05%,100.00%,100.00%,5,0,2.55%,0.00%,"₹6,495.00",₹0.00,5,0
B09B7556K2,B09B7556K2,Cubelelo Drift Mini 3x3 Keychain Combo (Pack of 2) Magic Cube Puzzle | Portable Speedcube Set for Kids & Adults | Fun & Durable Keychain Cubes | Perfect On-the-Go Puzzle,CLB0096,181,4,0.05%,0.07%,246,4,0.05%,0.05%,100.00%,100.00%,5,0,2.76%,0.00%,"₹2,495.00",₹0.00,5,0
B0CGNS9F16,B0CGNS9F16,"Cubelelo Drift 3x3, 4x4 & 5x5 Stickerless Gift Box | 3-in-1 Puzzle Game Set | Triple the Challenge, Thrice the Fun | Ultimate Value Saver Combo | Brainstoming Toy for Children Kids & Adults",1460516,237,6,0.07%,0.10%,297,13,0.06%,0.15%,100.00%,100.00%,5,0,2.11%,0.00%,"₹3,795.00",₹0.00,5,0
B0CNXSVR8C,B0CNXSVR8C,Cubelelo Drift 3M Plus v2 3x3 (Magnetic) Speed Cube | Based on MoYu RS3M v5 | Dual-Adjustment System | Speedcube for Kids & Adults | Magic Speedy Stress Buster Brainstorming Puzzle,1030651gp,287,5,0.08%,0.08%,372,6,0.08%,0.07%,99.69%,100.00%,6,0,2.09%,0.00%,"₹4,194.00",₹0.00,5,0
B0CS6HR1L1,B0CS6HR1L1,Cubelelo Magic Snake Rainbow Puzzle Cube (36 Wedges) | Twist and Turn Shape Creation Fun Game for Kids Boys Girls and Adults | Multicolor Brain Teaser Stress Buster Toy | for Ages 3 Years and Above,1310037,276,6,0.08%,0.10%,312,7,0.06%,0.08%,99.02%,100.00%,5,0,1.81%,0.00%,"₹2,145.00",₹0.00,5,0
B0894VSFQB,B0894VSFQB,Cubelelo Magic Snake 36 Blocks | Geometric Brain Teaser Puzzle Toy | Twistable Ruler Cube for Kids & Adults | Create Fun Shapes & Designs,1310015,35,2,0.01%,0.03%,51,2,0.01%,0.02%,95.74%,100.00%,4,0,11.43%,0.00%,₹796.00,₹0.00,4,0
B09J81MBQ9,B09J81MBQ9,Cubelelo MoYu Megaminx Puzzle for Kids & Adults Speedy Stress Buster Brainstorming Cube,1290200,733,15,0.21%,0.24%,812,20,0.16%,0.23%,99.87%,100.00%,4,0,0.55%,0.00%,"₹1,996.00",₹0.00,4,0
B0CGNXF2HT,B0CGNXF2HT,Cubelelo Drift 2x2 Megaminx & 3x3 Megaminx Puzzle Combo | Dual Magic Cube Set for Challenging & Fun Puzzle Solving | Stickerless Speed Cubes for Kids & Adults,CLB0183,676,4,0.19%,0.07%,858,7,0.17%,0.08%,99.87%,100.00%,4,0,0.59%,0.00%,"₹3,996.00",₹0.00,4,0
B0GWHMF8XX,B0GWHMF8XX,"Cubelelo Wooden Rainbow Tower | Tower of Hanoi | Premium 8 Rings Multicolor Stacking Puzzle Toy for Kids, Children & Adults | Challenging Brain Teaser Development Early Educational Learning Game",4001004c,53,1,0.01%,0.02%,67,1,0.01%,0.01%,100.00%,100.00%,4,0,7.55%,0.00%,"₹2,396.00",₹0.00,4,0
B09K7P76SB,B09K7P76SB,Cubelelo Drift 5x5 Black Magic Speed Cube Puzzle Toy for Kids & Adults Speedy Stress Buster Brainstorming Cube,1050100,292,8,0.08%,0.13%,324,10,0.07%,0.11%,99.69%,100.00%,3,1,1.03%,12.50%,"₹1,791.01",₹593.01,3,1
B0BZ59P72S,B0BZ59P72S,Cubelelo Ideal Occupation Magnetic Sticker Puzzle | Fun 3D Attractive Stickers | Learn About Jobs Professions & Our Community Helpers | Early Educational Learning Game For Children Kids Boys Girls,4001016,37,1,0.01%,0.02%,46,2,0.01%,0.02%,100.00%,100.00%,6,0,16.22%,0.00%,"₹1,775.00",₹0.00,3,0
B0BZ5DG9TJ,B0BZ5DG9TJ,Cubelelo Mathematician Magnetic Sticker Puzzle | Fun 3D Attractive Stickers | Math Skill Booster Puzzle Game for Kids Children Boys Girls,4001013,44,3,0.01%,0.05%,58,6,0.01%,0.07%,100.00%,100.00%,3,0,6.82%,0.00%,₹568.00,₹0.00,3,0
B0C17348FD,B0C17348FD,Cubelelo Drift Montessori Slide Four Colour Puzzle Game | Educational Wooden Toy for Kids | Color & Shape Matching Brain Teaser for Ages 3-7 | Preschool Learning Toy for Boys & Girls,4001050,84,4,0.02%,0.07%,114,4,0.02%,0.05%,100.00%,100.00%,3,1,3.57%,25.00%,"₹2,097.00",₹699.00,3,1
B0CQTHKV9M,B0CQTHKV9M,"Cubelelo Adult,Kid Moyu Mfjs Rs3M V5 Maglev Ball Core & Magic Cloth (Uv) Version With Robot Box",1030506,"1,416",11,0.40%,0.18%,"1,820",13,0.37%,0.15%,100.00%,100.00%,3,0,0.21%,0.00%,"₹8,397.00",₹0.00,3,0
B0FRFKRLF3,B0FRFKRLF3,TinkerBox Shape Puzzle Montessori Wooden Puzzle Toy for Toddlers & Kids 6+ Months | Early Learning Game for Shape Recognition & Problem Solving | Safe & Durable,TB03003,29,2,0.01%,0.03%,39,2,0.01%,0.02%,100.00%,66.67%,3,0,10.34%,0.00%,₹987.00,₹0.00,3,0
B08CSP9RQV,B08CSP9RQV,Cubelelo MoYu MFJS MeiLong 4x4 Black Puzzle Speed Cube for Kids & Adults Magic Speedy Stress Buster Brainstorming Puzzles Cube (Multicolor),1040114,427,10,0.12%,0.16%,488,11,0.10%,0.13%,99.38%,100.00%,2,0,0.47%,0.00%,₹657.00,₹0.00,2,0
B0B2PQ5184,B0B2PQ5184,Cubelelo Kid Drift 5 in 1 Beginner Kit Speedcube Puzzle Toy,1460200,126,2,0.04%,0.03%,169,2,0.03%,0.02%,97.97%,100.00%,2,0,1.59%,0.00%,"₹1,898.00",₹0.00,2,0
B0BZ43PGPF,B0BZ43PGPF,Cubelelo Letter Matching Card Game | Learn Phonics with Wooden Alphabets and Flash Cards |Educational Development Preschool Montessori Creative Learning Toy for Kids Boys Girls Ages 3 to 7 Years,4001032,25,0,0.01%,0.00%,30,0,0.01%,0.00%,96.30%,0.00%,2,0,8.00%,0.00%,₹797.00,₹0.00,2,0
B0BZ59355W,B0BZ59355W,Cubelelo Animal Face Magnetic Sticker Puzzle | Fun 3D Attractive Colorful Stickers | Makeover & Dress Animals Creatively Promotes Imagination Creativity In Children Kids Boys Girls,4001017,37,0,0.01%,0.00%,44,0,0.01%,0.00%,100.00%,0.00%,2,0,5.41%,0.00%,₹597.00,₹0.00,2,0
B0BZ5B2D14,B0BZ5B2D14,Cubelelo Engineering Vehicle Magnetic Sticker Puzzle | Fun 3D Attractive Colorful Stickers | Learn About Vehicles & Automobile | Early Educational Learning Game For Children Kids Boys Girls,4001019,29,1,0.01%,0.02%,39,1,0.01%,0.01%,100.00%,100.00%,3,0,10.34%,0.00%,₹895.00,₹0.00,2,0
B0C1738RJH,B0C1738RJH,Cubelelo Alphabet Learning Board (Wooden) | Wooden Letter Matching Puzzle | Early Learning Toy for Kids Boys Girls 3 Ys Old & Up | Preschool Educational Game,4001025,8,0,0.00%,0.00%,12,0,0.00%,0.00%,100.00%,0.00%,2,0,25.00%,0.00%,₹798.00,₹0.00,2,0
B0CD7J832N,B0CD7J832N,Cubelelo Kid Cube Stand (Pack Of 5 - Multicolor),CLB0204,18,2,0.01%,0.03%,24,2,0.00%,0.02%,95.83%,100.00%,2,0,11.11%,0.00%,₹698.00,₹0.00,2,0
B0CVL6X9KS,B0CVL6X9KS,Cubelelo Drift Pyraminx and Cube Lube Combo | Pyramid Triangle Speedcube & Premium Lubricant Set,1460544,16,0,0.00%,0.00%,25,0,0.01%,0.00%,86.36%,0.00%,2,0,12.50%,0.00%,₹758.00,₹0.00,2,0
B0FJ21PMFM,B0FJ21PMFM,TinkerBox Wooden Ball Tracker | 12+ Months | Montessori Rolling Ball Toy for Toddlers & Kids | STEM Learning Puzzle for Visual Tracking & Motor Skills Development | Safe & Durable Wooden Toy,TB00005,95,3,0.03%,0.05%,120,5,0.02%,0.06%,96.15%,0.00%,2,1,2.11%,33.33%,"₹1,997.00",₹998.00,2,1
B0FQWQB78R,B0FQWQB78R,Tinker Box Ring Slide Game | 12+ Months | Montessori Wooden Puzzle Toy for Toddlers & Kids | Fun Learning Game for Hand-Eye Coordination & Logical Thinking | Safe & Durable,TB06002,178,8,0.05%,0.13%,191,8,0.04%,0.09%,99.47%,100.00%,2,1,1.12%,12.50%,"₹1,398.00",₹699.00,2,1
B0FRFKDWL1,B0FRFKDWL1,TinkerBox Cylinder Puzzle | 12+ Months | Montessori Wooden Sorting & Matching Toy for Toddlers & Kids | STEM Puzzle for Cognitive Skills & Fine Motor Development | Safe & Durable Educational Toy,TB06003,99,3,0.03%,0.05%,111,4,0.02%,0.05%,100.00%,100.00%,2,1,2.02%,33.33%,₹897.00,₹448.00,2,1
B0FRFMGJJP,B0FRFMGJJP,"Tinker Box Peg Maze | Montessori Wooden Puzzle Game for Kids | 15+ Months | Engaging Brain Development Toy for Logic, Focus & Problem Solving | Safe & Durable Educational Toy",TB07003,23,1,0.01%,0.02%,33,1,0.01%,0.01%,100.00%,0.00%,2,0,8.70%,0.00%,₹798.00,₹0.00,2,0
B08LBH7B99,B08LBH7B99,"Cubelelo Drift 4x4 Stickerless Cube Puzzle Toy | AKA Revenge Cube | Combines Smoothness, Stability & Durability | Speedcube for Beginners | Suitable for Kids, Children, Boys, Girls & Adults",1040200,126,12,0.04%,0.20%,140,12,0.03%,0.14%,5.97%,0.00%,2,0,1.59%,0.00%,"₹1,598.00",₹0.00,1,0
B0BZ5C4ZFC,B0BZ5C4ZFC,Cubelelo Fashion Girl Magnetic Sticker Puzzle | Fun 3D Attractive Colorful Stickers | Style & Accessorize Outfits | Promotes Creativity & Imagination In Children Kids Boys Girls,4001018,18,1,0.01%,0.02%,21,1,0.00%,0.01%,100.00%,0.00%,4,0,22.22%,0.00%,"₹1,192.00",₹0.00,1,0
B0C17396F5,B0C17396F5,"Cubelelo 5-in-1 Wooden Puzzle Board|Brain Booster Interactive Toy Game for Children|Promotes Creativity,Fine Motor Skill & Shape Recognition|Colorful Wooden Jigsaw Tangram Puzzles for Kids Boys Girls",4001035,9,0,0.00%,0.00%,11,0,0.00%,0.00%,100.00%,0.00%,1,0,11.11%,0.00%,₹499.00,₹0.00,1,0
B0C24713ZJ,B0C24713ZJ,Cubelelo Spelling Game|Learn To Spell With Wooden Alphabet Blocks&Flash Cards|Early Educational Preschool Interactive Learning Activity Game Toy For Kids Children Boys & Girls,4001026,35,1,0.01%,0.02%,42,3,0.01%,0.03%,100.00%,0.00%,1,0,2.86%,0.00%,₹399.00,₹0.00,1,0
B0C6T2C9WH,B0C6T2C9WH,Cubelelo MoYu Super RS3M 3x3 Standard (Magnetic) | Highspeed Smooth Lightweight Speed Cube for Children Kids Adults Boys Girls,1030490,37,0,0.01%,0.00%,52,0,0.01%,0.00%,100.00%,0.00%,1,0,2.70%,0.00%,"₹1,399.00",₹0.00,1,0
B0D9M42RJJ,B0D9M42RJJ,Cubelelo Drift 4x4 Black with Cube Lubricant and Stand Combo | High-Performance Speed Cube | Smooth Turning & Durable | Ideal for All Ages | Perfect for Training & Competitive Cubing,1460581,31,0,0.01%,0.00%,39,0,0.01%,0.00%,100.00%,0.00%,1,0,3.23%,0.00%,₹399.00,₹0.00,1,0
B0DB7Y2F9P,B0DB7Y2F9P,Cubelelo Astrocuber Mat | Premium Non-Slip Mat for Speed Cubing | Large Surface Area | Durable & Easy to Clean | Perfect for Competitive Cubing | Protects Cubes & Surfaces,1380210a,22,1,0.01%,0.02%,31,3,0.01%,0.03%,100.00%,0.00%,1,0,4.55%,0.00%,₹499.00,₹0.00,1,0
B0DG5XXTLG,B0DG5XXTLG,"Cubelelo 3M 3x3 Magnetic Speed Cube with Timer & Mat Combo | Fast & Smooth Magnetic Puzzle for Speedcubing | Complete Set for Speed Solvers, Multicolor",CLB0248,41,0,0.01%,0.00%,49,0,0.01%,0.00%,100.00%,0.00%,1,0,2.44%,0.00%,"₹2,099.00",₹0.00,1,0
B0FF47DZ8G,B0FF47DZ8G,TinkerBox Color and Pattern Sliding Puzzle Game | Educational Wooden Toy for Kids | Color & Shape Matching Brain Teaser for Ages 3-7 | Preschool Learning Toy for Boys & Girls,TB00003,19,0,0.01%,0.00%,25,0,0.01%,0.00%,100.00%,0.00%,1,0,5.26%,0.00%,₹549.00,₹0.00,1,0
B0FQP635YZ,B0FQP635YZ,TinkerBox Mobile Hanging | 0+ Months | Montessori Wooden Crib Toy for Newborns & Babies | Early Visual Stimulation & Sensory Development | Safe & Durable Hanging Room Decoration Toy,TB01004,64,1,0.02%,0.02%,72,1,0.01%,0.01%,98.55%,0.00%,1,0,1.56%,0.00%,₹599.00,₹0.00,1,0
B0FQP89PV9,B0FQP89PV9,"Tinker Box 5 Column Sort and Stack Puzzle | Montessori Wooden Sorting & Stacking Toy | 3+ Years | Early Learning Puzzle for Shapes, Colors & Counting Skills | Safe & Durable Educational Toy",TB00007,16,0,0.00%,0.00%,18,0,0.00%,0.00%,100.00%,0.00%,1,0,6.25%,0.00%,₹549.00,₹0.00,1,0
B0FQPFZN8L,B0FQPFZN8L,"TinkerBox Wooden Rattle (Set of 3) | 0+ Months | Montessori Wooden Rattles for Newborns & Babies | Sensory Development Toys for Sound, Grip & Early Motor Skills | Safe & Durable Baby Toys",TBB0001,34,1,0.01%,0.02%,47,2,0.01%,0.02%,100.00%,100.00%,1,0,2.94%,0.00%,₹549.00,₹0.00,1,0
B0FQWC765C,B0FQWC765C,TinkerBox Fabric Winder | 18+ Months | Montessori Wooden Fine Motor Toy for Toddlers & Kids | Interactive Play Toy for Hand-Eye Coordination & Focus | Safe & Durable Learning Toy,TB08002,12,0,0.00%,0.00%,14,0,0.00%,0.00%,100.00%,0.00%,1,0,8.33%,0.00%,₹649.00,₹0.00,1,0